DROP SCHEMA IF EXISTS magicmovie;
CREATE SCHEMA magicmovie;
USE magicmovie;
SET GLOBAL sql_mode=(SELECT REPLACE(@@sql_mode,'ONLY_FULL_GROUP_BY',''));

DROP TABLE IF exists User;
CREATE TABLE User (
    UserID INT AUTO_INCREMENT PRIMARY KEY,
    Username VARCHAR(255) NOT NULL UNIQUE,
    Password VARCHAR(255) NOT NULL,
    UserType ENUM('Customer', 'Staff', 'Manager','Admin')
);

DROP TABLE IF exists Customer;
CREATE TABLE Customer (
    Customerid INT AUTO_INCREMENT PRIMARY KEY,
    UserID INT UNIQUE,
    First_name VARCHAR(100) NOT NULL,
    Last_name VARCHAR(100) NOT NULL,
    Con VARCHAR(20),
    Birthdate DATE,
    FOREIGN KEY (UserID) REFERENCES User(UserID)
);

DROP TABLE IF exists Staff;
CREATE TABLE Staff (
    StaffID INT AUTO_INCREMENT PRIMARY KEY,
    UserID INT UNIQUE,
	First_name VARCHAR(100) NOT NULL,
    Last_name VARCHAR(100) NOT NULL,
    Con VARCHAR(20),
    Department VARCHAR(255),
    FOREIGN KEY (UserID) REFERENCES User(UserID)
);

DROP TABLE IF exists Manager;
CREATE TABLE Manager (
    Managerid INT AUTO_INCREMENT PRIMARY KEY,
    UserID INT UNIQUE,
    First_name VARCHAR(100) NOT NULL,
    Last_name VARCHAR(100) NOT NULL,
    Con VARCHAR(20),
    Department VARCHAR(255),
    FOREIGN KEY (UserID) REFERENCES User(UserID)
);

DROP TABLE IF exists Admin;
CREATE TABLE Admin (
    Adminid INT AUTO_INCREMENT PRIMARY KEY,
    UserID INT,
    First_name VARCHAR(100) NOT NULL,
    Last_name VARCHAR(100) NOT NULL,
    Con VARCHAR(20),
    Department VARCHAR(255),
    FOREIGN KEY (UserID) REFERENCES User(UserID)
);

DROP TABLE IF exists Movies;
CREATE TABLE Movies (
    MovieID INT AUTO_INCREMENT PRIMARY KEY,
    Title VARCHAR(255) NOT NULL,
    Genre VARCHAR(100),
	Director VARCHAR(255),
    Duration INT,
    ReleaseDate DATE,
    Rating VARCHAR(50),
    Detail VARCHAR(255),
    BasePrice DECIMAL(6,2)
);

DROP TABLE IF exists MoviesImages;
CREATE TABLE MoviesImages (
    ImageID INT AUTO_INCREMENT PRIMARY KEY,
    MovieID INT,
    image_path VARCHAR(255),
    FOREIGN KEY (MovieID) REFERENCES Movies(MovieID)
    );

DROP TABLE IF exists CINEMA;
CREATE TABLE CINEMA (
CinemaID INT AUTO_INCREMENT PRIMARY KEY,
CinemaName VARCHAR(100),
Capacity INT,
Type VARCHAR(100));

DROP TABLE IF exists CINEMAImages;
CREATE TABLE CINEMAImages (
    ImageID INT AUTO_INCREMENT PRIMARY KEY,
    CinemaID INT,
    image_path VARCHAR(255),
    FOREIGN KEY (CinemaID) REFERENCES CINEMA(CinemaID)
    );

DROP TABLE IF exists Session;
CREATE TABLE Session (
    SessionID INT AUTO_INCREMENT PRIMARY KEY,
    MovieID INT,
    CinemaID INT,
	SessionDateTime DATETIME,
    SeatAvailability INT,
    FOREIGN KEY (MovieID) REFERENCES Movies(MovieID),
    FOREIGN KEY (CinemaID) REFERENCES CINEMA(CinemaID)
);
DROP TABLE IF exists Seats;
CREATE TABLE Seats (
    SeatID INT AUTO_INCREMENT PRIMARY KEY,
    SessionID INT,
    SeatNumber VARCHAR(10),
    IsAvailable BOOLEAN DEFAULT TRUE,
    FOREIGN KEY (SessionID) REFERENCES Session(SessionID)
);
-- 票价表
DROP TABLE IF exists TicketPrices;
CREATE TABLE TicketPrices (
    PriceID INT PRIMARY KEY AUTO_INCREMENT,
    Type VARCHAR(50),
    DiscountAmount  DECIMAL(5, 2)
);

-- 折扣表

DROP TABLE IF EXISTS Discounts;
CREATE TABLE Discounts (
    DiscountID INT PRIMARY KEY AUTO_INCREMENT,
    Description VARCHAR(255),
    DiscountPercent DECIMAL(5, 2) DEFAULT 0,
    StartDate DATE,
    EndDate DATE,
    WeekDays VARCHAR(7),  -- '1234567' 表示周一到周日
    SpecificDates TEXT,  -- 特定日期，例如 '2023-12-25,2023-01-01'
    StartTime TIME DEFAULT '00:00:00',  -- 默认全天开始
    EndTime TIME DEFAULT '23:59:59',    -- 默认全天结束
    image_path VARCHAR(255)
);



-- 场次和折扣关联表
DROP TABLE IF exists SessionDiscounts;
CREATE TABLE SessionDiscounts (
    SessionID INT,
    DiscountID INT,
    UNIQUE(SessionID, DiscountID),
    FOREIGN KEY (SessionID) REFERENCES Session(SessionID),
    FOREIGN KEY (DiscountID) REFERENCES Discounts(DiscountID)
);

DROP TABLE IF exists Orders;
CREATE TABLE Orders (
    OrderID INT AUTO_INCREMENT PRIMARY KEY,
    SessionID INT NOT NULL,
    UserID INT NOT NULL,
    TotalPrice DECIMAL(10, 2) NOT NULL,
    CreatedAt TIMESTAMP DEFAULT CURRENT_TIMESTAMP,
    FOREIGN KEY (SessionID) REFERENCES Session(SessionID),
    FOREIGN KEY (UserID) REFERENCES User(UserID)
);

DROP TABLE IF exists OrderDetails;
CREATE TABLE OrderDetails (
    OrderDetailID INT AUTO_INCREMENT PRIMARY KEY,
    OrderID INT NOT NULL,
    SeatNumber VARCHAR(10),
    TicketType VARCHAR(50),
    TicketPrice DECIMAL(6,2),
    FOREIGN KEY (OrderID) REFERENCES Orders(OrderID)

);

DROP TABLE IF exists Bookings;
CREATE TABLE Bookings (
	BookingID INT PRIMARY KEY AUTO_INCREMENT,
	CustomerID INT ,
    UserID INT,
    SessionID INT,
    TotalPrice DECIMAL(6,2),
    PaymentStatus ENUM('Pending', 'Completed'),
    FOREIGN KEY (UserID) REFERENCES User(UserID),
    FOREIGN KEY (CustomerID) REFERENCES Customer (Customerid),
    FOREIGN KEY (SessionID) REFERENCES Session(SessionID)
);


DROP TABLE IF exists Tickets;
CREATE TABLE Tickets (
    TicketID INT AUTO_INCREMENT PRIMARY KEY,
    BookingID INT,
    UserID  INT,
    MovieID INT,
    SessionID INT,
    SeatNumber VARCHAR(10),
    FOREIGN KEY (BookingID) REFERENCES Bookings(BookingID),
    FOREIGN KEY (MovieID) REFERENCES Movies(MovieID),
    FOREIGN KEY (SessionID) REFERENCES Session(SessionID)
);
ALTER TABLE Tickets ADD COLUMN Status ENUM('Unused', 'Used','Pending','Refund') DEFAULT 'Unused';
ALTER TABLE Tickets
ADD COLUMN TicketNumber VARCHAR(16);

DROP TABLE IF exists BookingDetails;
CREATE TABLE BookingDetails (
    BookingDetailID INT AUTO_INCREMENT PRIMARY KEY,
    BookingID INT NOT NULL,
    SeatNumber VARCHAR(10),
    UnitPrice DECIMAL(6,2),
    Type VARCHAR(50),
    TicketID INT,
    FOREIGN KEY (BookingID) REFERENCES Bookings(BookingID),
    FOREIGN KEY (TicketID) REFERENCES Tickets(TicketID)
);


ALTER TABLE Orders ADD COLUMN Status ENUM('Paid', 'Pending','Fail') DEFAULT 'Pending';


-- DELIMITER //
-- CREATE TRIGGER update_seat_availability AFTER INSERT ON Tickets
-- FOR EACH ROW
-- BEGIN
--     UPDATE Seats
--     SET IsAvailable = FALSE
--     WHERE SessionID = NEW.SessionID AND SeatNumber = NEW.SeatNumber;
-- END;
-- //
-- DELIMITER ;


DROP TABLE IF exists GiftCard;
CREATE TABLE GiftCard (
    GiftCardID INT AUTO_INCREMENT PRIMARY KEY,
    CustomerID INT,
    UserID INT,
    GiftCardNo VARCHAR(16),
    Balance DECIMAL(6,2),
    ExpiryDate DATE,
    FOREIGN KEY (UserID) REFERENCES User(UserID)
);


DROP TABLE IF exists PaymentInfo;
CREATE TABLE PaymentInfo (
PaymentInfoID INT AUTO_INCREMENT PRIMARY KEY,
BookingID INT,
CustomerID INT,
UserID INT,
CardNo VARCHAR(16),
AmountPaid DECIMAL(10, 2),
PaymentDate DATETIME,
PaymentMethod VARCHAR(255),
FOREIGN KEY (BookingID) REFERENCES Bookings(BookingID),
FOREIGN KEY (CustomerID) REFERENCES Customer(CustomerID),
FOREIGN KEY (UserID) REFERENCES User(UserID)
);


INSERT INTO User (UserID, Username, Password, UserType)
VALUES (1,'admin','$2b$12$124S6Wo3DYuu7UZ9bv/8YeqFGHrvyFxqRPk6LeoukMYhn0wGHdBDW','Admin'),
		(2,'manager1','$2b$12$10f9TvU2pTZdZdYoizuRAujegGjSCSO.0OR73LfgTfprAi1wBRc7q','Manager'),
		(3,'manager2','$2b$12$1kSJM3ifiIKjJCI67CEq9Ok4vtng2jwhRQXn7VRdRYAExOKEX/jNi','Manager'),
		(4,'staff1','$2b$12$nosR8qf4ERu/BcsSUZi6Dev9piWFB5NSxPFe4sPIJ33FAIThIFG1u','Staff'),
		(5,'staff2','$2b$12$UZO46j62Wo5qS3DdsJHu7ONixZ904Z9/yjw4Vd57Cuav9peZ0Y9Ve','Staff'),
		(6,'staff3','$2b$12$95i/otcZX9I3yne3W2pIW.9Cfi21oggotqj1l5ehg8.ofNWs0peja','Staff'),
		(7,'customer1','$2b$12$SbthI5C4HPtF79Ydj2g2h.HZLgwuQbUPSZO1OIDAPApfXHQn.T07i','Customer'),
		(8,'customer2','$2b$12$gFX5ZU66j.ePdm2Ba6.S8ObwXQLJRclGN5JeLavsh7ZhjnU8zRm1S','Customer'),
		(9,'customer3','$2b$12$AIyz6SGIgEE5/9cfmeBRJOBF0YG0psiB8KalkeBjBqr2vnHobAEb6','Customer'),
		(10,'customer4','$2b$12$JVT69AGoEJizr0Dc3mZLvOBY.BL33RYnd/EfYVTkErwdMclgmRgRe','Customer'),
		(11,'customer5','$2b$12$PRUWu9GfqYg.WlACikxzCeqn7PETEUu/cHKyWepiKwbSA73FZrptG','Customer'),
		(12,'customer6','$2b$12$Du/bV6yrbwMzukzKZZ6Fw.dzUDvXxyYIrRxc6KMJbn/rvzTGwCLQi','Customer'),
		(13,'customer7','$2b$12$wGZDLAJYR9A3W5xW03EyLet1Ip0w7UoaFbU5CZahj0Hu0Yb69fCQ2','Customer'),
		(14,'customer8','$2b$12$ut3MxG8yR6hbv5K3LIoV0eE6hSBtLGnFiUdefACCn9mhPdphl4IlG','Customer'),
		(15,'customer9','$2b$12$xuRKulqLq8noD614RVFWJOwq4FiVTOAlvk.YPSuHQF4PlZjpoue/K','Customer'),
		(16,'customer10','$2b$12$hC4gADgRrIGZnVyqIyjHKutxzbj0TCEnk8BAiUw2XroDdfVR2W/oG','Customer'),
		(17,'customer11','$2b$12$2PikikaE4cdd/XF9jk.tced8QkKiGP7sLrS5ec.GaFHGox4QT4qYe','Customer'),
		(18,'customer12','$2b$12$5SCEVbzV8TWhhqpI2GVVd.W..ld6r3eEkgSwU6bprCJzB183NKXiG','Customer'),
		(19,'customer13','$2b$12$.ixteYF86sJXhspcbyqonOOtuvieeuuTpeFo5Ene/v6CK0Rdnsge6','Customer'),
		(20,'customer14','$2b$12$Vd3v8HdHzLZBu3D7QS9y4.J1bNyDmIVHe5zQQy2oNVNXIFpKFZw3W','Customer'),
		(21,'customer15','$2b$12$1OwpFR5ijm2eUHXPJl8vDukhma5HIZOJakixTPLjeo8nKdGXgioRG','Customer');


INSERT INTO Customer (UserID, First_name, Last_name,Birthdate, Con)
VALUES (7, 'John', 'Doe', '1985-10-10', '1111111111'),
	(8, 'John', 'Doe', '1985-10-10', '1111111111'),
	(9, 'John', 'Doe', '1985-10-10', '1111111111'),
	(10, 'John', 'Doe', '1985-10-10', '1111111111'),
	(11, 'John', 'Doe', '1985-10-10', '1111111111'),
	(12, 'John', 'Doe', '1985-10-10', '1111111111'),
	(13, 'John', 'Doe', '1985-10-10', '1111111111'),
	(14, 'John', 'Doe', '1985-10-10', '1111111111'),
	(15, 'John', 'Doe', '1985-10-10', '1111111111'),
	(16, 'John', 'Doe', '1985-10-10', '1111111111'),
	(17, 'John', 'Doe', '1985-10-10', '1111111111');

INSERT INTO Staff (UserID, First_name, Last_name, Con, Department)
VALUES (4, 'Tom', 'Cruis', 'Staff1Con', 'Staff1Department'),
	   (5, 'Tom', 'Cruis', 'Staff2Con', 'Staff2Department'),
	   (6, 'Tom', 'Cruis', 'Staff3Con', 'Staff3Department');

INSERT INTO Manager (UserID, First_name, Last_name, Con, Department) VALUES
(2, 'Alice', 'Smith', 'Manager1Con', 'Manager1Department'),
(3, 'Alice', 'Smith', 'Manager2Con', 'Manager2Department');

INSERT INTO Admin (UserID, First_name, Last_name, Con, Department) VALUES
(1, 'Bob', 'Johnson', 'Admin1Con', 'Admin1Department');


-- Inserting into MOVIE table
INSERT INTO Movies (Title, Director, Genre, Duration, ReleaseDate, Rating,Detail,BasePrice) VALUES
	('Journey to bethlehem', 'Jane Doe', 'Sci-Fi', 120, '2024-2-22', 'PG-13','A young woman carrying an unimaginable responsibility. A young man torn between love and honor.',25.00),
    ('Aquaman and the lost kingdom', 'Jane Doe', 'Sci-Fi', 120, '2023-12-22', 'PG-13','Having failed to defeat Aquaman the first time, Black Manta, still driven by the need to avenge his father’s death, will stop at nothing to take Aquaman down.',25.00),
	('Next goal wins', 'John Smith', 'Comedy', 90, '2023-12-22', 'PG','Next Goal Wins tells the story of the American Samoa soccer team, who suffered the worst loss in World Cup history, losing to Australia 31-0 in 2001.',24.00),
    ('The hunger games the ballad of songbirds and snakes', 'John Smith', 'Comedy', 90, '2024-1-5', 'PG','Coriolanus Snow mentors and develops feelings for the female District 12 tribute during the 10th Hunger Games.',23.00),
    ('Migration', 'Benjamin Renner', 'Comedy/Adventure', 92, '2023-12-26', 'PG','The Mallard family is in a bit of rut. While dad Mack is content to keep his family safe paddling around their New England pond forever, mom is eager to shake things up.',23.00),
    ('Mean Girls', 'Samantha Jayne', 'Comedy/Musical', 112, '2023-1-22', 'PG','From the comedic mind of Tina Fey comes a new twist on the modern classic, MEAN GIRLS. New student Cady Heron is welcomed into the top of the social food chain.',24.00),
    ('The Canterville Ghost', 'Kim Burdon', 'Comedy', 89, '2024-1-12', 'PG','An American family moves in to Canterville Chase, a stately countryside mansion that has been haunted by the ghost Sir Simon De Canterville for 300 years.',24.00),
    ('The hunger games the ballad of songbirds and snakes', 'John Smith', 'Comedy', 90, '2024-1-5', 'PG','Coriolanus Snow mentors and develops feelings for the female District 12 tribute during the 10th Hunger Games.',23.00);



INSERT INTO MoviesImages ( ImageID, MovieID ,image_path) VALUES
(1, '1', 'https://static.wixstatic.com/media/34d227_f3cee21304fd417bb0b0eff0659cf619~mv2.jpg'),
(2, '2', 'https://static.wixstatic.com/media/34d227_4970aad8159a4daaa996fbfbb5193436~mv2.jpg'),
(3, '3', 'https://static.wixstatic.com/media/34d227_64ff6c5aa31c41bea49fcd956d87552f~mv2.jpg'),
(4, '4', 'https://static.wixstatic.com/media/34d227_b93d83b4605c4453ba32ae20cbb80247~mv2.jpg'),
(5, '5', 'https://static.wixstatic.com/media/34d227_3c442eaabcfa49d8a3e848feaa86890b~mv2.webp'),
(6, '6', 'https://static.wixstatic.com/media/34d227_58d0c6608cfe4af0883fd712e5e2021a~mv2.webp'),
(7, '7', 'https://static.wixstatic.com/media/34d227_3cd533d05e014380ae48a5786666a2cb~mv2.webp'),
(8, '8', 'https://static.wixstatic.com/media/34d227_b93d83b4605c4453ba32ae20cbb80247~mv2.jpg');

-- Inserting into CINEMA table
INSERT INTO CINEMA (CinemaID,CinemaName, Capacity, Type) VALUES
(1,'Luxury Hall 1', 48, 'Luxury'),
(2,'Luxury Hall 2', 48, 'Luxury'),
(3,'Luxury Hall 3', 48, 'Luxury'),
(4,'Auditorium', 300, 'Widescreen');

INSERT INTO CINEMAImages ( ImageID, CinemaID ,image_path) VALUES
(1, '1', 'https://static.wixstatic.com/media/34d227_efb25bdc33ef4b2d8b6802be50c0e5b6~mv2.jpg'),
(2, '2', 'https://static.wixstatic.com/media/34d227_4df3619f78ca49788f755801b363c672~mv2.jpg'),
(3, '3', 'https://static.wixstatic.com/media/34d227_a080df34a32544b3ae321d10db4d13d6~mv2.jpg'),
(4, '4', 'https://static.wixstatic.com/media/34d227_8b1c110df0ec4029a2bd90cd3b5b9c4f~mv2.jpg');





-- 插入票价数据
INSERT INTO TicketPrices (Type, DiscountAmount) VALUES
('Adult', 1.00),
('Child', 3.00),
('Student', 2.00),
('Senior', 3.00);

-- 插入折扣数据
INSERT INTO Discounts (Description, DiscountPercent, StartDate, EndDate, WeekDays, SpecificDates,StartTime, EndTime,image_path) VALUES
('Weekday Discount', 10, '2023-01-01', '2024-1-31', '23456', Null,'00:00','23:59','https://static.wixstatic.com/media/34d227_963c738488cc4a058d6fcbf9620e3432~mv2.png'),
('Waitangi Day', 20, Null, Null, Null,'2024-02-06','00:00','23:59','https://static.wixstatic.com/media/34d227_03456545012a4610b5a8b5a1ac07d8eb~mv2.png'),
('Tuesday', 20, '2023-12-24', '2024-5-26', '3', NULL,'00:00','23:59','https://static.wixstatic.com/media/34d227_b4cada78efaa446d908caac93b4b94c0~mv2.webp');



-- Inserting into PAYMENT table



-- Inserting into GIFTCARD table
-- 插入示例数据
INSERT INTO GiftCard (CustomerID, UserID, GiftCardNo ,Balance,ExpiryDate) VALUES
(1, 7, '2023120209890123', 100.00, '2024-12-31'),
(2, 8, '2023120209890223', 50.00,  '2024-06-30'),
(3, 8, '2023120209890323', 50.00,  '2024-06-30'),
(4, 7, '2023120209890423', 75.00,  '2025-01-01');


-- Inserting into Session table
INSERT INTO Session (MovieID, CinemaID,SessionDateTime, SeatAvailability) VALUES
(2, 1, '2024-1-2 20:00:00', 48),
(2, 1, '2023-12-27 12:00:00', 48),
(2, 2, '2023-12-28 20:00:00', 48),
(2, 1, '2023-12-28 12:00:00', 48),
(2, 1, '2023-12-29 20:00:00',48),
(2, 1, '2023-12-29 12:00:00', 48),
(2 ,1, '2023-12-30 20:00:00',48),
(2, 1, '2023-12-30 12:00:00', 48),
(2, 3, '2023-12-20 20:00:00',48),
(3, 1, '2023-12-28 20:00:00',48),
( 2,1, '2023-12-31 18:30:00',48),
(2,1, '2023-12-31 18:30:00',48),
(3,2, '2023-12-30 9:00:00',48),
(1, 1, '2024-01-01 10:00:00', 48),
(1, 1, '2024-01-01 14:00:00', 48),
(1, 1, '2024-01-01 18:00:00', 48),
(1, 2, '2024-01-01 10:00:00', 48),
(1, 2, '2024-01-01 14:00:00', 48),
(1, 2, '2024-01-01 18:00:00', 48),
(1, 3, '2024-01-01 10:00:00', 48),
(1, 3, '2024-01-01 14:00:00', 48),
(1, 3, '2024-01-01 18:00:00', 48),
(1, 4, '2024-01-01 10:00:00', 300),
(1, 4, '2024-01-01 14:00:00', 300),
(1, 4, '2024-01-01 18:00:00', 300),
(2, 1, '2024-01-01 10:00:00', 48),
(2, 1, '2024-01-01 14:00:00', 48),
(2, 1, '2024-01-01 18:00:00', 48),
(2, 2, '2024-01-01 10:00:00', 48),
(2, 2, '2024-01-01 14:00:00', 48),
(2, 2, '2024-01-01 18:00:00', 48),
(2, 3, '2024-01-01 10:00:00', 48),
(2, 3, '2024-01-01 14:00:00', 48),
(2, 3, '2024-01-01 18:00:00', 48),
(2, 4, '2024-01-01 10:00:00', 300),
(2, 4, '2024-01-01 14:00:00', 300),
(2, 4, '2024-01-01 18:00:00', 300),
(3, 1, '2024-01-01 10:00:00', 48),
(3, 1, '2024-01-01 14:00:00', 48),
(3, 1, '2024-01-01 18:00:00', 48),
(3, 2, '2024-01-01 10:00:00', 48),
(3, 2, '2024-01-01 14:00:00', 48),
(3, 2, '2024-01-01 18:00:00', 48),
(3, 3, '2024-01-01 10:00:00', 48),
(3, 3, '2024-01-01 14:00:00', 48),
(3, 3, '2024-01-01 18:00:00', 48),
(3, 4, '2024-01-01 10:00:00', 300),
(3, 4, '2024-01-01 14:00:00', 300),
(3, 4, '2024-01-01 18:00:00', 300),
(1, 1, '2024-01-02 10:00:00', 48),
(1, 1, '2024-01-02 14:00:00', 48),
(1, 1, '2024-01-02 18:00:00', 48),
(1, 2, '2024-01-02 10:00:00', 48),
(1, 2, '2024-01-02 14:00:00', 48),
(1, 2, '2024-01-02 18:00:00', 48),
(1, 3, '2024-01-02 10:00:00', 48),
(1, 3, '2024-01-02 14:00:00', 48),
(1, 3, '2024-01-02 18:00:00', 48),
(1, 4, '2024-01-02 10:00:00', 300),
(1, 4, '2024-01-02 14:00:00', 300),
(1, 4, '2024-01-02 18:00:00', 300),
(2, 1, '2024-01-02 10:00:00', 48),
(2, 1, '2024-01-02 14:00:00', 48),
(2, 1, '2024-01-02 18:00:00', 48),
(2, 2, '2024-01-02 10:00:00', 48),
(2, 2, '2024-01-02 14:00:00', 48),
(2, 2, '2024-01-02 18:00:00', 48),
(2, 3, '2024-01-02 10:00:00', 48),
(2, 3, '2024-01-02 14:00:00', 48),
(2, 3, '2024-01-02 18:00:00', 48),
(2, 4, '2024-01-02 10:00:00', 300),
(2, 4, '2024-01-02 14:00:00', 300),
(2, 4, '2024-01-02 18:00:00', 300),
(3, 1, '2024-01-02 10:00:00', 48),
(3, 1, '2024-01-02 14:00:00', 48),
(3, 1, '2024-01-02 18:00:00', 48),
(3, 2, '2024-01-02 10:00:00', 48),
(3, 2, '2024-01-02 14:00:00', 48),
(3, 2, '2024-01-02 18:00:00', 48),
(3, 3, '2024-01-02 10:00:00', 48),
(3, 3, '2024-01-02 14:00:00', 48),
(3, 3, '2024-01-02 18:00:00', 48),
(3, 4, '2024-01-02 10:00:00', 300),
(3, 4, '2024-01-02 14:00:00', 300),
(3, 4, '2024-01-02 18:00:00', 300),
(1, 1, '2024-01-03 10:00:00', 48),
(1, 1, '2024-01-03 14:00:00', 48),
(1, 1, '2024-01-03 18:00:00', 48),
(1, 2, '2024-01-03 10:00:00', 48),
(1, 2, '2024-01-03 14:00:00', 48),
(1, 2, '2024-01-03 18:00:00', 48),
(1, 3, '2024-01-03 10:00:00', 48),
(1, 3, '2024-01-03 14:00:00', 48),
(1, 3, '2024-01-03 18:00:00', 48),
(1, 4, '2024-01-03 10:00:00', 300),
(1, 4, '2024-01-03 14:00:00', 300),
(1, 4, '2024-01-03 18:00:00', 300),
(2, 1, '2024-01-03 10:00:00', 48),
(2, 1, '2024-01-03 14:00:00', 48),
(2, 1, '2024-01-03 18:00:00', 48),
(2, 2, '2024-01-03 10:00:00', 48),
(2, 2, '2024-01-03 14:00:00', 48),
(2, 2, '2024-01-03 18:00:00', 48),
(2, 3, '2024-01-03 10:00:00', 48),
(2, 3, '2024-01-03 14:00:00', 48),
(2, 3, '2024-01-03 18:00:00', 48),
(2, 4, '2024-01-03 10:00:00', 300),
(2, 4, '2024-01-03 14:00:00', 300),
(2, 4, '2024-01-03 18:00:00', 300),
(3, 1, '2024-01-03 10:00:00', 48),
(3, 1, '2024-01-03 14:00:00', 48),
(3, 1, '2024-01-03 18:00:00', 48),
(3, 2, '2024-01-03 10:00:00', 48),
(3, 2, '2024-01-03 14:00:00', 48),
(3, 2, '2024-01-03 18:00:00', 48),
(3, 3, '2024-01-03 10:00:00', 48),
(3, 3, '2024-01-03 14:00:00', 48),
(3, 3, '2024-01-03 18:00:00', 48),
(3, 4, '2024-01-03 10:00:00', 300),
(3, 4, '2024-01-03 14:00:00', 300),
(3, 4, '2024-01-03 18:00:00', 300),
(1, 1, '2024-01-04 10:00:00', 48),
(1, 1, '2024-01-04 14:00:00', 48),
(1, 1, '2024-01-04 18:00:00', 48),
(1, 2, '2024-01-04 10:00:00', 48),
(1, 2, '2024-01-04 14:00:00', 48),
(1, 2, '2024-01-04 18:00:00', 48),
(1, 3, '2024-01-04 10:00:00', 48),
(1, 3, '2024-01-04 14:00:00', 48),
(1, 3, '2024-01-04 18:00:00', 48),
(1, 4, '2024-01-04 10:00:00', 300),
(1, 4, '2024-01-04 14:00:00', 300),
(1, 4, '2024-01-04 18:00:00', 300),
(2, 1, '2024-01-04 10:00:00', 48),
(2, 1, '2024-01-04 14:00:00', 48),
(2, 1, '2024-01-04 18:00:00', 48),
(2, 2, '2024-01-04 10:00:00', 48),
(2, 2, '2024-01-04 14:00:00', 48),
(2, 2, '2024-01-04 18:00:00', 48),
(2, 3, '2024-01-04 10:00:00', 48),
(2, 3, '2024-01-04 14:00:00', 48),
(2, 3, '2024-01-04 18:00:00', 48),
(2, 4, '2024-01-04 10:00:00', 300),
(2, 4, '2024-01-04 14:00:00', 300),
(2, 4, '2024-01-04 18:00:00', 300),
(3, 1, '2024-01-04 10:00:00', 48),
(3, 1, '2024-01-04 14:00:00', 48),
(3, 1, '2024-01-04 18:00:00', 48),
(3, 2, '2024-01-04 10:00:00', 48),
(3, 2, '2024-01-04 14:00:00', 48),
(3, 2, '2024-01-04 18:00:00', 48),
(3, 3, '2024-01-04 10:00:00', 48),
(3, 3, '2024-01-04 14:00:00', 48),
(3, 3, '2024-01-04 18:00:00', 48),
(3, 4, '2024-01-04 10:00:00', 300),
(3, 4, '2024-01-04 14:00:00', 300),
(3, 4, '2024-01-04 18:00:00', 300),
(1, 1, '2024-01-05 10:00:00', 48),
(1, 1, '2024-01-05 14:00:00', 48),
(1, 1, '2024-01-05 18:00:00', 48),
(1, 2, '2024-01-05 10:00:00', 48),
(1, 2, '2024-01-05 14:00:00', 48),
(1, 2, '2024-01-05 18:00:00', 48),
(1, 3, '2024-01-05 10:00:00', 48),
(1, 3, '2024-01-05 14:00:00', 48),
(1, 3, '2024-01-05 18:00:00', 48),
(1, 4, '2024-01-05 10:00:00', 300),
(1, 4, '2024-01-05 14:00:00', 300),
(1, 4, '2024-01-05 18:00:00', 300),
(2, 1, '2024-01-05 10:00:00', 48),
(2, 1, '2024-01-05 14:00:00', 48),
(2, 1, '2024-01-05 18:00:00', 48),
(2, 2, '2024-01-05 10:00:00', 48),
(2, 2, '2024-01-05 14:00:00', 48),
(2, 2, '2024-01-05 18:00:00', 48),
(2, 3, '2024-01-05 10:00:00', 48),
(2, 3, '2024-01-05 14:00:00', 48),
(2, 3, '2024-01-05 18:00:00', 48),
(2, 4, '2024-01-05 10:00:00', 300),
(2, 4, '2024-01-05 14:00:00', 300),
(2, 4, '2024-01-05 18:00:00', 300),
(3, 1, '2024-01-05 10:00:00', 48),
(3, 1, '2024-01-05 14:00:00', 48),
(3, 1, '2024-01-05 18:00:00', 48),
(3, 2, '2024-01-05 10:00:00', 48),
(3, 2, '2024-01-05 14:00:00', 48),
(3, 2, '2024-01-05 18:00:00', 48),
(3, 3, '2024-01-05 10:00:00', 48),
(3, 3, '2024-01-05 14:00:00', 48),
(3, 3, '2024-01-05 18:00:00', 48),
(3, 4, '2024-01-05 10:00:00', 300),
(3, 4, '2024-01-05 14:00:00', 300),
(3, 4, '2024-01-05 18:00:00', 300),
(1, 1, '2024-01-06 10:00:00', 48),
(1, 1, '2024-01-06 14:00:00', 48),
(1, 1, '2024-01-06 18:00:00', 48),
(1, 2, '2024-01-06 10:00:00', 48),
(1, 2, '2024-01-06 14:00:00', 48),
(1, 2, '2024-01-06 18:00:00', 48),
(1, 3, '2024-01-06 10:00:00', 48),
(1, 3, '2024-01-06 14:00:00', 48),
(1, 3, '2024-01-06 18:00:00', 48),
(1, 4, '2024-01-06 10:00:00', 300),
(1, 4, '2024-01-06 14:00:00', 300),
(1, 4, '2024-01-06 18:00:00', 300),
(2, 1, '2024-01-06 10:00:00', 48),
(2, 1, '2024-01-06 14:00:00', 48),
(2, 1, '2024-01-06 18:00:00', 48),
(2, 2, '2024-01-06 10:00:00', 48),
(2, 2, '2024-01-06 14:00:00', 48),
(2, 2, '2024-01-06 18:00:00', 48),
(2, 3, '2024-01-06 10:00:00', 48),
(2, 3, '2024-01-06 14:00:00', 48),
(2, 3, '2024-01-06 18:00:00', 48),
(2, 4, '2024-01-06 10:00:00', 300),
(2, 4, '2024-01-06 14:00:00', 300),
(2, 4, '2024-01-06 18:00:00', 300),
(3, 1, '2024-01-06 10:00:00', 48),
(3, 1, '2024-01-06 14:00:00', 48),
(3, 1, '2024-01-06 18:00:00', 48),
(3, 2, '2024-01-06 10:00:00', 48),
(3, 2, '2024-01-06 14:00:00', 48),
(3, 2, '2024-01-06 18:00:00', 48),
(3, 3, '2024-01-06 10:00:00', 48),
(3, 3, '2024-01-06 14:00:00', 48),
(3, 3, '2024-01-06 18:00:00', 48),
(3, 4, '2024-01-06 10:00:00', 300),
(3, 4, '2024-01-06 14:00:00', 300),
(3, 4, '2024-01-06 18:00:00', 300),
(1, 1, '2024-01-07 10:00:00', 48),
(1, 1, '2024-01-07 14:00:00', 48),
(1, 1, '2024-01-07 18:00:00', 48),
(1, 2, '2024-01-07 10:00:00', 48),
(1, 2, '2024-01-07 14:00:00', 48),
(1, 2, '2024-01-07 18:00:00', 48),
(1, 3, '2024-01-07 10:00:00', 48),
(1, 3, '2024-01-07 14:00:00', 48),
(1, 3, '2024-01-07 18:00:00', 48),
(1, 4, '2024-01-07 10:00:00', 300),
(1, 4, '2024-01-07 14:00:00', 300),
(1, 4, '2024-01-07 18:00:00', 300),
(2, 1, '2024-01-07 10:00:00', 48),
(2, 1, '2024-01-07 14:00:00', 48),
(2, 1, '2024-01-07 18:00:00', 48),
(2, 2, '2024-01-07 10:00:00', 48),
(2, 2, '2024-01-07 14:00:00', 48),
(2, 2, '2024-01-07 18:00:00', 48),
(2, 3, '2024-01-07 10:00:00', 48),
(2, 3, '2024-01-07 14:00:00', 48),
(2, 3, '2024-01-07 18:00:00', 48),
(2, 4, '2024-01-07 10:00:00', 300),
(2, 4, '2024-01-07 14:00:00', 300),
(2, 4, '2024-01-07 18:00:00', 300),
(3, 1, '2024-01-07 10:00:00', 48),
(3, 1, '2024-01-07 14:00:00', 48),
(3, 1, '2024-01-07 18:00:00', 48),
(3, 2, '2024-01-07 10:00:00', 48),
(3, 2, '2024-01-07 14:00:00', 48),
(3, 2, '2024-01-07 18:00:00', 48),
(3, 3, '2024-01-07 10:00:00', 48),
(3, 3, '2024-01-07 14:00:00', 48),
(3, 3, '2024-01-07 18:00:00', 48),
(3, 4, '2024-01-07 10:00:00', 300),
(3, 4, '2024-01-07 14:00:00', 300),
(3, 4, '2024-01-07 18:00:00', 300),
(1, 1, '2024-01-08 10:00:00', 48),
(1, 1, '2024-01-08 14:00:00', 48),
(1, 1, '2024-01-08 18:00:00', 48),
(1, 2, '2024-01-08 10:00:00', 48),
(1, 2, '2024-01-08 14:00:00', 48),
(1, 2, '2024-01-08 18:00:00', 48),
(1, 3, '2024-01-08 10:00:00', 48),
(1, 3, '2024-01-08 14:00:00', 48),
(1, 3, '2024-01-08 18:00:00', 48),
(1, 4, '2024-01-08 10:00:00', 300),
(1, 4, '2024-01-08 14:00:00', 300),
(1, 4, '2024-01-08 18:00:00', 300),
(2, 1, '2024-01-08 10:00:00', 48),
(2, 1, '2024-01-08 14:00:00', 48),
(2, 1, '2024-01-08 18:00:00', 48),
(2, 2, '2024-01-08 10:00:00', 48),
(2, 2, '2024-01-08 14:00:00', 48),
(2, 2, '2024-01-08 18:00:00', 48),
(2, 3, '2024-01-08 10:00:00', 48),
(2, 3, '2024-01-08 14:00:00', 48),
(2, 3, '2024-01-08 18:00:00', 48),
(2, 4, '2024-01-08 10:00:00', 300),
(2, 4, '2024-01-08 14:00:00', 300),
(2, 4, '2024-01-08 18:00:00', 300),
(3, 1, '2024-01-08 10:00:00', 48),
(3, 1, '2024-01-08 14:00:00', 48),
(3, 1, '2024-01-08 18:00:00', 48),
(3, 2, '2024-01-08 10:00:00', 48),
(3, 2, '2024-01-08 14:00:00', 48),
(3, 2, '2024-01-08 18:00:00', 48),
(3, 3, '2024-01-08 10:00:00', 48),
(3, 3, '2024-01-08 14:00:00', 48),
(3, 3, '2024-01-08 18:00:00', 48),
(3, 4, '2024-01-08 10:00:00', 300),
(3, 4, '2024-01-08 14:00:00', 300),
(3, 4, '2024-01-08 18:00:00', 300),
(1, 1, '2024-01-09 10:00:00', 48),
(1, 1, '2024-01-09 14:00:00', 48),
(1, 1, '2024-01-09 18:00:00', 48),
(1, 2, '2024-01-09 10:00:00', 48),
(1, 2, '2024-01-09 14:00:00', 48),
(1, 2, '2024-01-09 18:00:00', 48),
(1, 3, '2024-01-09 10:00:00', 48),
(1, 3, '2024-01-09 14:00:00', 48),
(1, 3, '2024-01-09 18:00:00', 48),
(1, 4, '2024-01-09 10:00:00', 300),
(1, 4, '2024-01-09 14:00:00', 300),
(1, 4, '2024-01-09 18:00:00', 300),
(2, 1, '2024-01-09 10:00:00', 48),
(2, 1, '2024-01-09 14:00:00', 48),
(2, 1, '2024-01-09 18:00:00', 48),
(2, 2, '2024-01-09 10:00:00', 48),
(2, 2, '2024-01-09 14:00:00', 48),
(2, 2, '2024-01-09 18:00:00', 48),
(2, 3, '2024-01-09 10:00:00', 48),
(2, 3, '2024-01-09 14:00:00', 48),
(2, 3, '2024-01-09 18:00:00', 48),
(2, 4, '2024-01-09 10:00:00', 300),
(2, 4, '2024-01-09 14:00:00', 300),
(2, 4, '2024-01-09 18:00:00', 300),
(3, 1, '2024-01-09 10:00:00', 48),
(3, 1, '2024-01-09 14:00:00', 48),
(3, 1, '2024-01-09 18:00:00', 48),
(3, 2, '2024-01-09 10:00:00', 48),
(3, 2, '2024-01-09 14:00:00', 48),
(3, 2, '2024-01-09 18:00:00', 48),
(3, 3, '2024-01-09 10:00:00', 48),
(3, 3, '2024-01-09 14:00:00', 48),
(3, 3, '2024-01-09 18:00:00', 48),
(3, 4, '2024-01-09 10:00:00', 300),
(3, 4, '2024-01-09 14:00:00', 300),
(3, 4, '2024-01-09 18:00:00', 300),
(1, 1, '2024-01-10 10:00:00', 48),
(1, 1, '2024-01-10 14:00:00', 48),
(1, 1, '2024-01-10 18:00:00', 48),
(1, 2, '2024-01-10 10:00:00', 48),
(1, 2, '2024-01-10 14:00:00', 48),
(1, 2, '2024-01-10 18:00:00', 48),
(1, 3, '2024-01-10 10:00:00', 48),
(1, 3, '2024-01-10 14:00:00', 48),
(1, 3, '2024-01-10 18:00:00', 48),
(1, 4, '2024-01-10 10:00:00', 300),
(1, 4, '2024-01-10 14:00:00', 300),
(1, 4, '2024-01-10 18:00:00', 300),
(2, 1, '2024-01-10 10:00:00', 48),
(2, 1, '2024-01-10 14:00:00', 48),
(2, 1, '2024-01-10 18:00:00', 48),
(2, 2, '2024-01-10 10:00:00', 48),
(2, 2, '2024-01-10 14:00:00', 48),
(2, 2, '2024-01-10 18:00:00', 48),
(2, 3, '2024-01-10 10:00:00', 48),
(2, 3, '2024-01-10 14:00:00', 48),
(2, 3, '2024-01-10 18:00:00', 48),
(2, 4, '2024-01-10 10:00:00', 300),
(2, 4, '2024-01-10 14:00:00', 300),
(2, 4, '2024-01-10 18:00:00', 300),
(3, 1, '2024-01-10 10:00:00', 48),
(3, 1, '2024-01-10 14:00:00', 48),
(3, 1, '2024-01-10 18:00:00', 48),
(3, 2, '2024-01-10 10:00:00', 48),
(3, 2, '2024-01-10 14:00:00', 48),
(3, 2, '2024-01-10 18:00:00', 48),
(3, 3, '2024-01-10 10:00:00', 48),
(3, 3, '2024-01-10 14:00:00', 48),
(3, 3, '2024-01-10 18:00:00', 48),
(3, 4, '2024-01-10 10:00:00', 300),
(3, 4, '2024-01-10 14:00:00', 300),
(3, 4, '2024-01-10 18:00:00', 300),
(1, 1, '2024-01-11 10:00:00', 48),
(1, 1, '2024-01-11 14:00:00', 48),
(1, 1, '2024-01-11 18:00:00', 48),
(1, 2, '2024-01-11 10:00:00', 48),
(1, 2, '2024-01-11 14:00:00', 48),
(1, 2, '2024-01-11 18:00:00', 48),
(1, 3, '2024-01-11 10:00:00', 48),
(1, 3, '2024-01-11 14:00:00', 48),
(1, 3, '2024-01-11 18:00:00', 48),
(1, 4, '2024-01-11 10:00:00', 300),
(1, 4, '2024-01-11 14:00:00', 300),
(1, 4, '2024-01-11 18:00:00', 300),
(2, 1, '2024-01-11 10:00:00', 48),
(2, 1, '2024-01-11 14:00:00', 48),
(2, 1, '2024-01-11 18:00:00', 48),
(2, 2, '2024-01-11 10:00:00', 48),
(2, 2, '2024-01-11 14:00:00', 48),
(2, 2, '2024-01-11 18:00:00', 48),
(2, 3, '2024-01-11 10:00:00', 48),
(2, 3, '2024-01-11 14:00:00', 48),
(2, 3, '2024-01-11 18:00:00', 48),
(2, 4, '2024-01-11 10:00:00', 300),
(2, 4, '2024-01-11 14:00:00', 300),
(2, 4, '2024-01-11 18:00:00', 300),
(3, 1, '2024-01-11 10:00:00', 48),
(3, 1, '2024-01-11 14:00:00', 48),
(3, 1, '2024-01-11 18:00:00', 48),
(3, 2, '2024-01-11 10:00:00', 48),
(3, 2, '2024-01-11 14:00:00', 48),
(3, 2, '2024-01-11 18:00:00', 48),
(3, 3, '2024-01-11 10:00:00', 48),
(3, 3, '2024-01-11 14:00:00', 48),
(3, 3, '2024-01-11 18:00:00', 48),
(3, 4, '2024-01-11 10:00:00', 300),
(3, 4, '2024-01-11 14:00:00', 300),
(3, 4, '2024-01-11 18:00:00', 300),
(1, 1, '2024-01-12 10:00:00', 48),
(1, 1, '2024-01-12 14:00:00', 48),
(1, 1, '2024-01-12 18:00:00', 48),
(1, 2, '2024-01-12 10:00:00', 48),
(1, 2, '2024-01-12 14:00:00', 48),
(1, 2, '2024-01-12 18:00:00', 48),
(1, 3, '2024-01-12 10:00:00', 48),
(1, 3, '2024-01-12 14:00:00', 48),
(1, 3, '2024-01-12 18:00:00', 48),
(1, 4, '2024-01-12 10:00:00', 300),
(1, 4, '2024-01-12 14:00:00', 300),
(1, 4, '2024-01-12 18:00:00', 300),
(2, 1, '2024-01-12 10:00:00', 48),
(2, 1, '2024-01-12 14:00:00', 48),
(2, 1, '2024-01-12 18:00:00', 48),
(2, 2, '2024-01-12 10:00:00', 48),
(2, 2, '2024-01-12 14:00:00', 48),
(2, 2, '2024-01-12 18:00:00', 48),
(2, 3, '2024-01-12 10:00:00', 48),
(2, 3, '2024-01-12 14:00:00', 48),
(2, 3, '2024-01-12 18:00:00', 48),
(2, 4, '2024-01-12 10:00:00', 300),
(2, 4, '2024-01-12 14:00:00', 300),
(2, 4, '2024-01-12 18:00:00', 300),
(3, 1, '2024-01-12 10:00:00', 48),
(3, 1, '2024-01-12 14:00:00', 48),
(3, 1, '2024-01-12 18:00:00', 48),
(3, 2, '2024-01-12 10:00:00', 48),
(3, 2, '2024-01-12 14:00:00', 48),
(3, 2, '2024-01-12 18:00:00', 48),
(3, 3, '2024-01-12 10:00:00', 48),
(3, 3, '2024-01-12 14:00:00', 48),
(3, 3, '2024-01-12 18:00:00', 48),
(3, 4, '2024-01-12 10:00:00', 300),
(3, 4, '2024-01-12 14:00:00', 300),
(3, 4, '2024-01-12 18:00:00', 300),
(1, 1, '2024-01-13 10:00:00', 48),
(1, 1, '2024-01-13 14:00:00', 48),
(1, 1, '2024-01-13 18:00:00', 48),
(1, 2, '2024-01-13 10:00:00', 48),
(1, 2, '2024-01-13 14:00:00', 48),
(1, 2, '2024-01-13 18:00:00', 48),
(1, 3, '2024-01-13 10:00:00', 48),
(1, 3, '2024-01-13 14:00:00', 48),
(1, 3, '2024-01-13 18:00:00', 48),
(1, 4, '2024-01-13 10:00:00', 300),
(1, 4, '2024-01-13 14:00:00', 300),
(1, 4, '2024-01-13 18:00:00', 300),
(2, 1, '2024-01-13 10:00:00', 48),
(2, 1, '2024-01-13 14:00:00', 48),
(2, 1, '2024-01-13 18:00:00', 48),
(2, 2, '2024-01-13 10:00:00', 48),
(2, 2, '2024-01-13 14:00:00', 48),
(2, 2, '2024-01-13 18:00:00', 48),
(2, 3, '2024-01-13 10:00:00', 48),
(2, 3, '2024-01-13 14:00:00', 48),
(2, 3, '2024-01-13 18:00:00', 48),
(2, 4, '2024-01-13 10:00:00', 300),
(2, 4, '2024-01-13 14:00:00', 300),
(2, 4, '2024-01-13 18:00:00', 300),
(3, 1, '2024-01-13 10:00:00', 48),
(3, 1, '2024-01-13 14:00:00', 48),
(3, 1, '2024-01-13 18:00:00', 48),
(3, 2, '2024-01-13 10:00:00', 48),
(3, 2, '2024-01-13 14:00:00', 48),
(3, 2, '2024-01-13 18:00:00', 48),
(3, 3, '2024-01-13 10:00:00', 48),
(3, 3, '2024-01-13 14:00:00', 48),
(3, 3, '2024-01-13 18:00:00', 48),
(3, 4, '2024-01-13 10:00:00', 300),
(3, 4, '2024-01-13 14:00:00', 300),
(3, 4, '2024-01-13 18:00:00', 300),
(1, 1, '2024-01-14 10:00:00', 48),
(1, 1, '2024-01-14 14:00:00', 48),
(1, 1, '2024-01-14 18:00:00', 48),
(1, 2, '2024-01-14 10:00:00', 48),
(1, 2, '2024-01-14 14:00:00', 48),
(1, 2, '2024-01-14 18:00:00', 48),
(1, 3, '2024-01-14 10:00:00', 48),
(1, 3, '2024-01-14 14:00:00', 48),
(1, 3, '2024-01-14 18:00:00', 48),
(1, 4, '2024-01-14 10:00:00', 300),
(1, 4, '2024-01-14 14:00:00', 300),
(1, 4, '2024-01-14 18:00:00', 300),
(2, 1, '2024-01-14 10:00:00', 48),
(2, 1, '2024-01-14 14:00:00', 48),
(2, 1, '2024-01-14 18:00:00', 48),
(2, 2, '2024-01-14 10:00:00', 48),
(2, 2, '2024-01-14 14:00:00', 48),
(2, 2, '2024-01-14 18:00:00', 48),
(2, 3, '2024-01-14 10:00:00', 48),
(2, 3, '2024-01-14 14:00:00', 48),
(2, 3, '2024-01-14 18:00:00', 48),
(2, 4, '2024-01-14 10:00:00', 300),
(2, 4, '2024-01-14 14:00:00', 300),
(2, 4, '2024-01-14 18:00:00', 300),
(3, 1, '2024-01-14 10:00:00', 48),
(3, 1, '2024-01-14 14:00:00', 48),
(3, 1, '2024-01-14 18:00:00', 48),
(3, 2, '2024-01-14 10:00:00', 48),
(3, 2, '2024-01-14 14:00:00', 48),
(3, 2, '2024-01-14 18:00:00', 48),
(3, 3, '2024-01-14 10:00:00', 48),
(3, 3, '2024-01-14 14:00:00', 48),
(3, 3, '2024-01-14 18:00:00', 48),
(3, 4, '2024-01-14 10:00:00', 300),
(3, 4, '2024-01-14 14:00:00', 300),
(3, 4, '2024-01-14 18:00:00', 300),
(1, 1, '2024-01-15 10:00:00', 48),
(1, 1, '2024-01-15 14:00:00', 48),
(1, 1, '2024-01-15 18:00:00', 48),
(1, 2, '2024-01-15 10:00:00', 48),
(1, 2, '2024-01-15 14:00:00', 48),
(1, 2, '2024-01-15 18:00:00', 48),
(1, 3, '2024-01-15 10:00:00', 48),
(1, 3, '2024-01-15 14:00:00', 48),
(1, 3, '2024-01-15 18:00:00', 48),
(1, 4, '2024-01-15 10:00:00', 300),
(1, 4, '2024-01-15 14:00:00', 300),
(1, 4, '2024-01-15 18:00:00', 300),
(2, 1, '2024-01-15 10:00:00', 48),
(2, 1, '2024-01-15 14:00:00', 48),
(2, 1, '2024-01-15 18:00:00', 48),
(2, 2, '2024-01-15 10:00:00', 48),
(2, 2, '2024-01-15 14:00:00', 48),
(2, 2, '2024-01-15 18:00:00', 48),
(2, 3, '2024-01-15 10:00:00', 48),
(2, 3, '2024-01-15 14:00:00', 48),
(2, 3, '2024-01-15 18:00:00', 48),
(2, 4, '2024-01-15 10:00:00', 300),
(2, 4, '2024-01-15 14:00:00', 300),
(2, 4, '2024-01-15 18:00:00', 300),
(3, 1, '2024-01-15 10:00:00', 48),
(3, 1, '2024-01-15 14:00:00', 48),
(3, 1, '2024-01-15 18:00:00', 48),
(3, 2, '2024-01-15 10:00:00', 48),
(3, 2, '2024-01-15 14:00:00', 48),
(3, 2, '2024-01-15 18:00:00', 48),
(3, 3, '2024-01-15 10:00:00', 48),
(3, 3, '2024-01-15 14:00:00', 48),
(3, 3, '2024-01-15 18:00:00', 48),
(3, 4, '2024-01-15 10:00:00', 300),
(3, 4, '2024-01-15 14:00:00', 300),
(3, 4, '2024-01-15 18:00:00', 300),
(1, 1, '2024-01-16 10:00:00', 48),
(1, 1, '2024-01-16 14:00:00', 48),
(1, 1, '2024-01-16 18:00:00', 48),
(1, 2, '2024-01-16 10:00:00', 48),
(1, 2, '2024-01-16 14:00:00', 48),
(1, 2, '2024-01-16 18:00:00', 48),
(1, 3, '2024-01-16 10:00:00', 48),
(1, 3, '2024-01-16 14:00:00', 48),
(1, 3, '2024-01-16 18:00:00', 48),
(1, 4, '2024-01-16 10:00:00', 300),
(1, 4, '2024-01-16 14:00:00', 300),
(1, 4, '2024-01-16 18:00:00', 300),
(2, 1, '2024-01-16 10:00:00', 48),
(2, 1, '2024-01-16 14:00:00', 48),
(2, 1, '2024-01-16 18:00:00', 48),
(2, 2, '2024-01-16 10:00:00', 48),
(2, 2, '2024-01-16 14:00:00', 48),
(2, 2, '2024-01-16 18:00:00', 48),
(2, 3, '2024-01-16 10:00:00', 48),
(2, 3, '2024-01-16 14:00:00', 48),
(2, 3, '2024-01-16 18:00:00', 48),
(2, 4, '2024-01-16 10:00:00', 300),
(2, 4, '2024-01-16 14:00:00', 300),
(2, 4, '2024-01-16 18:00:00', 300),
(3, 1, '2024-01-16 10:00:00', 48),
(3, 1, '2024-01-16 14:00:00', 48),
(3, 1, '2024-01-16 18:00:00', 48),
(3, 2, '2024-01-16 10:00:00', 48),
(3, 2, '2024-01-16 14:00:00', 48),
(3, 2, '2024-01-16 18:00:00', 48),
(3, 3, '2024-01-16 10:00:00', 48),
(3, 3, '2024-01-16 14:00:00', 48),
(3, 3, '2024-01-16 18:00:00', 48),
(3, 4, '2024-01-16 10:00:00', 300),
(3, 4, '2024-01-16 14:00:00', 300),
(3, 4, '2024-01-16 18:00:00', 300),
(1, 1, '2024-01-17 10:00:00', 48),
(1, 1, '2024-01-17 14:00:00', 48),
(1, 1, '2024-01-17 18:00:00', 48),
(1, 2, '2024-01-17 10:00:00', 48),
(1, 2, '2024-01-17 14:00:00', 48),
(1, 2, '2024-01-17 18:00:00', 48),
(1, 3, '2024-01-17 10:00:00', 48),
(1, 3, '2024-01-17 14:00:00', 48),
(1, 3, '2024-01-17 18:00:00', 48),
(1, 4, '2024-01-17 10:00:00', 300),
(1, 4, '2024-01-17 14:00:00', 300),
(1, 4, '2024-01-17 18:00:00', 300),
(2, 1, '2024-01-17 10:00:00', 48),
(2, 1, '2024-01-17 14:00:00', 48),
(2, 1, '2024-01-17 18:00:00', 48),
(2, 2, '2024-01-17 10:00:00', 48),
(2, 2, '2024-01-17 14:00:00', 48),
(2, 2, '2024-01-17 18:00:00', 48),
(2, 3, '2024-01-17 10:00:00', 48),
(2, 3, '2024-01-17 14:00:00', 48),
(2, 3, '2024-01-17 18:00:00', 48),
(2, 4, '2024-01-17 10:00:00', 300),
(2, 4, '2024-01-17 14:00:00', 300),
(2, 4, '2024-01-17 18:00:00', 300),
(3, 1, '2024-01-17 10:00:00', 48),
(3, 1, '2024-01-17 14:00:00', 48),
(3, 1, '2024-01-17 18:00:00', 48),
(3, 2, '2024-01-17 10:00:00', 48),
(3, 2, '2024-01-17 14:00:00', 48),
(3, 2, '2024-01-17 18:00:00', 48),
(3, 3, '2024-01-17 10:00:00', 48),
(3, 3, '2024-01-17 14:00:00', 48),
(3, 3, '2024-01-17 18:00:00', 48),
(3, 4, '2024-01-17 10:00:00', 300),
(3, 4, '2024-01-17 14:00:00', 300),
(3, 4, '2024-01-17 18:00:00', 300),
(1, 1, '2024-01-18 10:00:00', 48),
(1, 1, '2024-01-18 14:00:00', 48),
(1, 1, '2024-01-18 18:00:00', 48),
(1, 2, '2024-01-18 10:00:00', 48),
(1, 2, '2024-01-18 14:00:00', 48),
(1, 2, '2024-01-18 18:00:00', 48),
(1, 3, '2024-01-18 10:00:00', 48),
(1, 3, '2024-01-18 14:00:00', 48),
(1, 3, '2024-01-18 18:00:00', 48),
(1, 4, '2024-01-18 10:00:00', 300),
(1, 4, '2024-01-18 14:00:00', 300),
(1, 4, '2024-01-18 18:00:00', 300),
(2, 1, '2024-01-18 10:00:00', 48),
(2, 1, '2024-01-18 14:00:00', 48),
(2, 1, '2024-01-18 18:00:00', 48),
(2, 2, '2024-01-18 10:00:00', 48),
(2, 2, '2024-01-18 14:00:00', 48),
(2, 2, '2024-01-18 18:00:00', 48),
(2, 3, '2024-01-18 10:00:00', 48),
(2, 3, '2024-01-18 14:00:00', 48),
(2, 3, '2024-01-18 18:00:00', 48),
(2, 4, '2024-01-18 10:00:00', 300),
(2, 4, '2024-01-18 14:00:00', 300),
(2, 4, '2024-01-18 18:00:00', 300),
(3, 1, '2024-01-18 10:00:00', 48),
(3, 1, '2024-01-18 14:00:00', 48),
(3, 1, '2024-01-18 18:00:00', 48),
(3, 2, '2024-01-18 10:00:00', 48),
(3, 2, '2024-01-18 14:00:00', 48),
(3, 2, '2024-01-18 18:00:00', 48),
(3, 3, '2024-01-18 10:00:00', 48),
(3, 3, '2024-01-18 14:00:00', 48),
(3, 3, '2024-01-18 18:00:00', 48),
(3, 4, '2024-01-18 10:00:00', 300),
(3, 4, '2024-01-18 14:00:00', 300),
(3, 4, '2024-01-18 18:00:00', 300),
(1, 1, '2024-01-19 10:00:00', 48),
(1, 1, '2024-01-19 14:00:00', 48),
(1, 1, '2024-01-19 18:00:00', 48),
(1, 2, '2024-01-19 10:00:00', 48),
(1, 2, '2024-01-19 14:00:00', 48),
(1, 2, '2024-01-19 18:00:00', 48),
(1, 3, '2024-01-19 10:00:00', 48),
(1, 3, '2024-01-19 14:00:00', 48),
(1, 3, '2024-01-19 18:00:00', 48),
(1, 4, '2024-01-19 10:00:00', 300),
(1, 4, '2024-01-19 14:00:00', 300),
(1, 4, '2024-01-19 18:00:00', 300),
(2, 1, '2024-01-19 10:00:00', 48),
(2, 1, '2024-01-19 14:00:00', 48),
(2, 1, '2024-01-19 18:00:00', 48),
(2, 2, '2024-01-19 10:00:00', 48),
(2, 2, '2024-01-19 14:00:00', 48),
(2, 2, '2024-01-19 18:00:00', 48),
(2, 3, '2024-01-19 10:00:00', 48),
(2, 3, '2024-01-19 14:00:00', 48),
(2, 3, '2024-01-19 18:00:00', 48),
(2, 4, '2024-01-19 10:00:00', 300),
(2, 4, '2024-01-19 14:00:00', 300),
(2, 4, '2024-01-19 18:00:00', 300),
(3, 1, '2024-01-19 10:00:00', 48),
(3, 1, '2024-01-19 14:00:00', 48),
(3, 1, '2024-01-19 18:00:00', 48),
(3, 2, '2024-01-19 10:00:00', 48),
(3, 2, '2024-01-19 14:00:00', 48),
(3, 2, '2024-01-19 18:00:00', 48),
(3, 3, '2024-01-19 10:00:00', 48),
(3, 3, '2024-01-19 14:00:00', 48),
(3, 3, '2024-01-19 18:00:00', 48),
(3, 4, '2024-01-19 10:00:00', 300),
(3, 4, '2024-01-19 14:00:00', 300),
(3, 4, '2024-01-19 18:00:00', 300),
(1, 1, '2024-01-20 10:00:00', 48),
(1, 1, '2024-01-20 14:00:00', 48),
(1, 1, '2024-01-20 18:00:00', 48),
(1, 2, '2024-01-20 10:00:00', 48),
(1, 2, '2024-01-20 14:00:00', 48),
(1, 2, '2024-01-20 18:00:00', 48),
(1, 3, '2024-01-20 10:00:00', 48),
(1, 3, '2024-01-20 14:00:00', 48),
(1, 3, '2024-01-20 18:00:00', 48),
(1, 4, '2024-01-20 10:00:00', 300),
(1, 4, '2024-01-20 14:00:00', 300),
(1, 4, '2024-01-20 18:00:00', 300),
(2, 1, '2024-01-20 10:00:00', 48),
(2, 1, '2024-01-20 14:00:00', 48),
(2, 1, '2024-01-20 18:00:00', 48),
(2, 2, '2024-01-20 10:00:00', 48),
(2, 2, '2024-01-20 14:00:00', 48),
(2, 2, '2024-01-20 18:00:00', 48),
(2, 3, '2024-01-20 10:00:00', 48),
(2, 3, '2024-01-20 14:00:00', 48),
(2, 3, '2024-01-20 18:00:00', 48),
(2, 4, '2024-01-20 10:00:00', 300),
(2, 4, '2024-01-20 14:00:00', 300),
(2, 4, '2024-01-20 18:00:00', 300),
(3, 1, '2024-01-20 10:00:00', 48),
(3, 1, '2024-01-20 14:00:00', 48),
(3, 1, '2024-01-20 18:00:00', 48),
(3, 2, '2024-01-20 10:00:00', 48),
(3, 2, '2024-01-20 14:00:00', 48),
(3, 2, '2024-01-20 18:00:00', 48),
(3, 3, '2024-01-20 10:00:00', 48),
(3, 3, '2024-01-20 14:00:00', 48),
(3, 3, '2024-01-20 18:00:00', 48),
(3, 4, '2024-01-20 10:00:00', 300),
(3, 4, '2024-01-20 14:00:00', 300),
(3, 4, '2024-01-20 18:00:00', 300),
(1, 1, '2024-01-21 10:00:00', 48),
(1, 1, '2024-01-21 14:00:00', 48),
(1, 1, '2024-01-21 18:00:00', 48),
(1, 2, '2024-01-21 10:00:00', 48),
(1, 2, '2024-01-21 14:00:00', 48),
(1, 2, '2024-01-21 18:00:00', 48),
(1, 3, '2024-01-21 10:00:00', 48),
(1, 3, '2024-01-21 14:00:00', 48),
(1, 3, '2024-01-21 18:00:00', 48),
(1, 4, '2024-01-21 10:00:00', 300),
(1, 4, '2024-01-21 14:00:00', 300),
(1, 4, '2024-01-21 18:00:00', 300),
(2, 1, '2024-01-21 10:00:00', 48),
(2, 1, '2024-01-21 14:00:00', 48),
(2, 1, '2024-01-21 18:00:00', 48),
(2, 2, '2024-01-21 10:00:00', 48),
(2, 2, '2024-01-21 14:00:00', 48),
(2, 2, '2024-01-21 18:00:00', 48),
(2, 3, '2024-01-21 10:00:00', 48),
(2, 3, '2024-01-21 14:00:00', 48),
(2, 3, '2024-01-21 18:00:00', 48),
(2, 4, '2024-01-21 10:00:00', 300),
(2, 4, '2024-01-21 14:00:00', 300),
(2, 4, '2024-01-21 18:00:00', 300),
(3, 1, '2024-01-21 10:00:00', 48),
(3, 1, '2024-01-21 14:00:00', 48),
(3, 1, '2024-01-21 18:00:00', 48),
(3, 2, '2024-01-21 10:00:00', 48),
(3, 2, '2024-01-21 14:00:00', 48),
(3, 2, '2024-01-21 18:00:00', 48),
(3, 3, '2024-01-21 10:00:00', 48),
(3, 3, '2024-01-21 14:00:00', 48),
(3, 3, '2024-01-21 18:00:00', 48),
(3, 4, '2024-01-21 10:00:00', 300),
(3, 4, '2024-01-21 14:00:00', 300),
(3, 4, '2024-01-21 18:00:00', 300),
(1, 1, '2024-01-22 10:00:00', 48),
(1, 1, '2024-01-22 14:00:00', 48),
(1, 1, '2024-01-22 18:00:00', 48),
(1, 2, '2024-01-22 10:00:00', 48),
(1, 2, '2024-01-22 14:00:00', 48),
(1, 2, '2024-01-22 18:00:00', 48),
(1, 3, '2024-01-22 10:00:00', 48),
(1, 3, '2024-01-22 14:00:00', 48),
(1, 3, '2024-01-22 18:00:00', 48),
(1, 4, '2024-01-22 10:00:00', 300),
(1, 4, '2024-01-22 14:00:00', 300),
(1, 4, '2024-01-22 18:00:00', 300),
(2, 1, '2024-01-22 10:00:00', 48),
(2, 1, '2024-01-22 14:00:00', 48),
(2, 1, '2024-01-22 18:00:00', 48),
(2, 2, '2024-01-22 10:00:00', 48),
(2, 2, '2024-01-22 14:00:00', 48),
(2, 2, '2024-01-22 18:00:00', 48),
(2, 3, '2024-01-22 10:00:00', 48),
(2, 3, '2024-01-22 14:00:00', 48),
(2, 3, '2024-01-22 18:00:00', 48),
(2, 4, '2024-01-22 10:00:00', 300),
(2, 4, '2024-01-22 14:00:00', 300),
(2, 4, '2024-01-22 18:00:00', 300),
(3, 1, '2024-01-22 10:00:00', 48),
(3, 1, '2024-01-22 14:00:00', 48),
(3, 1, '2024-01-22 18:00:00', 48),
(3, 2, '2024-01-22 10:00:00', 48),
(3, 2, '2024-01-22 14:00:00', 48),
(3, 2, '2024-01-22 18:00:00', 48),
(3, 3, '2024-01-22 10:00:00', 48),
(3, 3, '2024-01-22 14:00:00', 48),
(3, 3, '2024-01-22 18:00:00', 48),
(3, 4, '2024-01-22 10:00:00', 300),
(3, 4, '2024-01-22 14:00:00', 300),
(3, 4, '2024-01-22 18:00:00', 300),
(1, 1, '2024-01-23 10:00:00', 48),
(1, 1, '2024-01-23 14:00:00', 48),
(1, 1, '2024-01-23 18:00:00', 48),
(1, 2, '2024-01-23 10:00:00', 48),
(1, 2, '2024-01-23 14:00:00', 48),
(1, 2, '2024-01-23 18:00:00', 48),
(1, 3, '2024-01-23 10:00:00', 48),
(1, 3, '2024-01-23 14:00:00', 48),
(1, 3, '2024-01-23 18:00:00', 48),
(1, 4, '2024-01-23 10:00:00', 300),
(1, 4, '2024-01-23 14:00:00', 300),
(1, 4, '2024-01-23 18:00:00', 300),
(2, 1, '2024-01-23 10:00:00', 48),
(2, 1, '2024-01-23 14:00:00', 48),
(2, 1, '2024-01-23 18:00:00', 48),
(2, 2, '2024-01-23 10:00:00', 48),
(2, 2, '2024-01-23 14:00:00', 48),
(2, 2, '2024-01-23 18:00:00', 48),
(2, 3, '2024-01-23 10:00:00', 48),
(2, 3, '2024-01-23 14:00:00', 48),
(2, 3, '2024-01-23 18:00:00', 48),
(2, 4, '2024-01-23 10:00:00', 300),
(2, 4, '2024-01-23 14:00:00', 300),
(2, 4, '2024-01-23 18:00:00', 300),
(3, 1, '2024-01-23 10:00:00', 48),
(3, 1, '2024-01-23 14:00:00', 48),
(3, 1, '2024-01-23 18:00:00', 48),
(3, 2, '2024-01-23 10:00:00', 48),
(3, 2, '2024-01-23 14:00:00', 48),
(3, 2, '2024-01-23 18:00:00', 48),
(3, 3, '2024-01-23 10:00:00', 48),
(3, 3, '2024-01-23 14:00:00', 48),
(3, 3, '2024-01-23 18:00:00', 48),
(3, 4, '2024-01-23 10:00:00', 300),
(3, 4, '2024-01-23 14:00:00', 300),
(3, 4, '2024-01-23 18:00:00', 300),
(1, 1, '2024-01-24 10:00:00', 48),
(1, 1, '2024-01-24 14:00:00', 48),
(1, 1, '2024-01-24 18:00:00', 48),
(1, 2, '2024-01-24 10:00:00', 48),
(1, 2, '2024-01-24 14:00:00', 48),
(1, 2, '2024-01-24 18:00:00', 48),
(1, 3, '2024-01-24 10:00:00', 48),
(1, 3, '2024-01-24 14:00:00', 48),
(1, 3, '2024-01-24 18:00:00', 48),
(1, 4, '2024-01-24 10:00:00', 300),
(1, 4, '2024-01-24 14:00:00', 300),
(1, 4, '2024-01-24 18:00:00', 300),
(2, 1, '2024-01-24 10:00:00', 48),
(2, 1, '2024-01-24 14:00:00', 48),
(2, 1, '2024-01-24 18:00:00', 48),
(2, 2, '2024-01-24 10:00:00', 48),
(2, 2, '2024-01-24 14:00:00', 48),
(2, 2, '2024-01-24 18:00:00', 48),
(2, 3, '2024-01-24 10:00:00', 48),
(2, 3, '2024-01-24 14:00:00', 48),
(2, 3, '2024-01-24 18:00:00', 48),
(2, 4, '2024-01-24 10:00:00', 300),
(2, 4, '2024-01-24 14:00:00', 300),
(2, 4, '2024-01-24 18:00:00', 300),
(3, 1, '2024-01-24 10:00:00', 48),
(3, 1, '2024-01-24 14:00:00', 48),
(3, 1, '2024-01-24 18:00:00', 48),
(3, 2, '2024-01-24 10:00:00', 48),
(3, 2, '2024-01-24 14:00:00', 48),
(3, 2, '2024-01-24 18:00:00', 48),
(3, 3, '2024-01-24 10:00:00', 48),
(3, 3, '2024-01-24 14:00:00', 48),
(3, 3, '2024-01-24 18:00:00', 48),
(3, 4, '2024-01-24 10:00:00', 300),
(3, 4, '2024-01-24 14:00:00', 300),
(3, 4, '2024-01-24 18:00:00', 300),
(1, 1, '2024-01-25 10:00:00', 48),
(1, 1, '2024-01-25 14:00:00', 48),
(1, 1, '2024-01-25 18:00:00', 48),
(1, 2, '2024-01-25 10:00:00', 48),
(1, 2, '2024-01-25 14:00:00', 48),
(1, 2, '2024-01-25 18:00:00', 48),
(1, 3, '2024-01-25 10:00:00', 48),
(1, 3, '2024-01-25 14:00:00', 48),
(1, 3, '2024-01-25 18:00:00', 48),
(1, 4, '2024-01-25 10:00:00', 300),
(1, 4, '2024-01-25 14:00:00', 300),
(1, 4, '2024-01-25 18:00:00', 300),
(2, 1, '2024-01-25 10:00:00', 48),
(2, 1, '2024-01-25 14:00:00', 48),
(2, 1, '2024-01-25 18:00:00', 48),
(2, 2, '2024-01-25 10:00:00', 48),
(2, 2, '2024-01-25 14:00:00', 48),
(2, 2, '2024-01-25 18:00:00', 48),
(2, 3, '2024-01-25 10:00:00', 48),
(2, 3, '2024-01-25 14:00:00', 48),
(2, 3, '2024-01-25 18:00:00', 48),
(2, 4, '2024-01-25 10:00:00', 300),
(2, 4, '2024-01-25 14:00:00', 300),
(2, 4, '2024-01-25 18:00:00', 300),
(3, 1, '2024-01-25 10:00:00', 48),
(3, 1, '2024-01-25 14:00:00', 48),
(3, 1, '2024-01-25 18:00:00', 48),
(3, 2, '2024-01-25 10:00:00', 48),
(3, 2, '2024-01-25 14:00:00', 48),
(3, 2, '2024-01-25 18:00:00', 48),
(3, 3, '2024-01-25 10:00:00', 48),
(3, 3, '2024-01-25 14:00:00', 48),
(3, 3, '2024-01-25 18:00:00', 48),
(3, 4, '2024-01-25 10:00:00', 300),
(3, 4, '2024-01-25 14:00:00', 300),
(3, 4, '2024-01-25 18:00:00', 300),
(1, 1, '2024-01-26 10:00:00', 48),
(1, 1, '2024-01-26 14:00:00', 48),
(1, 1, '2024-01-26 18:00:00', 48),
(1, 2, '2024-01-26 10:00:00', 48),
(1, 2, '2024-01-26 14:00:00', 48),
(1, 2, '2024-01-26 18:00:00', 48),
(1, 3, '2024-01-26 10:00:00', 48),
(1, 3, '2024-01-26 14:00:00', 48),
(1, 3, '2024-01-26 18:00:00', 48),
(1, 4, '2024-01-26 10:00:00', 300),
(1, 4, '2024-01-26 14:00:00', 300),
(1, 4, '2024-01-26 18:00:00', 300),
(2, 1, '2024-01-26 10:00:00', 48),
(2, 1, '2024-01-26 14:00:00', 48),
(2, 1, '2024-01-26 18:00:00', 48),
(2, 2, '2024-01-26 10:00:00', 48),
(2, 2, '2024-01-26 14:00:00', 48),
(2, 2, '2024-01-26 18:00:00', 48),
(2, 3, '2024-01-26 10:00:00', 48),
(2, 3, '2024-01-26 14:00:00', 48),
(2, 3, '2024-01-26 18:00:00', 48),
(2, 4, '2024-01-26 10:00:00', 300),
(2, 4, '2024-01-26 14:00:00', 300),
(2, 4, '2024-01-26 18:00:00', 300),
(3, 1, '2024-01-26 10:00:00', 48),
(3, 1, '2024-01-26 14:00:00', 48),
(3, 1, '2024-01-26 18:00:00', 48),
(3, 2, '2024-01-26 10:00:00', 48),
(3, 2, '2024-01-26 14:00:00', 48),
(3, 2, '2024-01-26 18:00:00', 48),
(3, 3, '2024-01-26 10:00:00', 48),
(3, 3, '2024-01-26 14:00:00', 48),
(3, 3, '2024-01-26 18:00:00', 48),
(3, 4, '2024-01-26 10:00:00', 300),
(3, 4, '2024-01-26 14:00:00', 300),
(3, 4, '2024-01-26 18:00:00', 300),
(1, 1, '2024-01-27 10:00:00', 48),
(1, 1, '2024-01-27 14:00:00', 48),
(1, 1, '2024-01-27 18:00:00', 48),
(1, 2, '2024-01-27 10:00:00', 48),
(1, 2, '2024-01-27 14:00:00', 48),
(1, 2, '2024-01-27 18:00:00', 48),
(1, 3, '2024-01-27 10:00:00', 48),
(1, 3, '2024-01-27 14:00:00', 48),
(1, 3, '2024-01-27 18:00:00', 48),
(1, 4, '2024-01-27 10:00:00', 300),
(1, 4, '2024-01-27 14:00:00', 300),
(1, 4, '2024-01-27 18:00:00', 300),
(2, 1, '2024-01-27 10:00:00', 48),
(2, 1, '2024-01-27 14:00:00', 48),
(2, 1, '2024-01-27 18:00:00', 48),
(2, 2, '2024-01-27 10:00:00', 48),
(2, 2, '2024-01-27 14:00:00', 48),
(2, 2, '2024-01-27 18:00:00', 48),
(2, 3, '2024-01-27 10:00:00', 48),
(2, 3, '2024-01-27 14:00:00', 48),
(2, 3, '2024-01-27 18:00:00', 48),
(2, 4, '2024-01-27 10:00:00', 300),
(2, 4, '2024-01-27 14:00:00', 300),
(2, 4, '2024-01-27 18:00:00', 300),
(3, 1, '2024-01-27 10:00:00', 48),
(3, 1, '2024-01-27 14:00:00', 48),
(3, 1, '2024-01-27 18:00:00', 48),
(3, 2, '2024-01-27 10:00:00', 48),
(3, 2, '2024-01-27 14:00:00', 48),
(3, 2, '2024-01-27 18:00:00', 48),
(3, 3, '2024-01-27 10:00:00', 48),
(3, 3, '2024-01-27 14:00:00', 48),
(3, 3, '2024-01-27 18:00:00', 48),
(3, 4, '2024-01-27 10:00:00', 300),
(3, 4, '2024-01-27 14:00:00', 300),
(3, 4, '2024-01-27 18:00:00', 300),
(1, 1, '2024-01-28 10:00:00', 48),
(1, 1, '2024-01-28 14:00:00', 48),
(1, 1, '2024-01-28 18:00:00', 48),
(1, 2, '2024-01-28 10:00:00', 48),
(1, 2, '2024-01-28 14:00:00', 48),
(1, 2, '2024-01-28 18:00:00', 48),
(1, 3, '2024-01-28 10:00:00', 48),
(1, 3, '2024-01-28 14:00:00', 48),
(1, 3, '2024-01-28 18:00:00', 48),
(1, 4, '2024-01-28 10:00:00', 300),
(1, 4, '2024-01-28 14:00:00', 300),
(1, 4, '2024-01-28 18:00:00', 300),
(2, 1, '2024-01-28 10:00:00', 48),
(2, 1, '2024-01-28 14:00:00', 48),
(2, 1, '2024-01-28 18:00:00', 48),
(2, 2, '2024-01-28 10:00:00', 48),
(2, 2, '2024-01-28 14:00:00', 48),
(2, 2, '2024-01-28 18:00:00', 48),
(2, 3, '2024-01-28 10:00:00', 48),
(2, 3, '2024-01-28 14:00:00', 48),
(2, 3, '2024-01-28 18:00:00', 48),
(2, 4, '2024-01-28 10:00:00', 300),
(2, 4, '2024-01-28 14:00:00', 300),
(2, 4, '2024-01-28 18:00:00', 300),
(3, 1, '2024-01-28 10:00:00', 48),
(3, 1, '2024-01-28 14:00:00', 48),
(3, 1, '2024-01-28 18:00:00', 48),
(3, 2, '2024-01-28 10:00:00', 48),
(3, 2, '2024-01-28 14:00:00', 48),
(3, 2, '2024-01-28 18:00:00', 48),
(3, 3, '2024-01-28 10:00:00', 48),
(3, 3, '2024-01-28 14:00:00', 48),
(3, 3, '2024-01-28 18:00:00', 48),
(3, 4, '2024-01-28 10:00:00', 300),
(3, 4, '2024-01-28 14:00:00', 300),
(3, 4, '2024-01-28 18:00:00', 300),
(1, 1, '2024-01-29 10:00:00', 48),
(1, 1, '2024-01-29 14:00:00', 48),
(1, 1, '2024-01-29 18:00:00', 48),
(1, 2, '2024-01-29 10:00:00', 48),
(1, 2, '2024-01-29 14:00:00', 48),
(1, 2, '2024-01-29 18:00:00', 48),
(1, 3, '2024-01-29 10:00:00', 48),
(1, 3, '2024-01-29 14:00:00', 48),
(1, 3, '2024-01-29 18:00:00', 48),
(1, 4, '2024-01-29 10:00:00', 300),
(1, 4, '2024-01-29 14:00:00', 300),
(1, 4, '2024-01-29 18:00:00', 300),
(2, 1, '2024-01-29 10:00:00', 48),
(2, 1, '2024-01-29 14:00:00', 48),
(2, 1, '2024-01-29 18:00:00', 48),
(2, 2, '2024-01-29 10:00:00', 48),
(2, 2, '2024-01-29 14:00:00', 48),
(2, 2, '2024-01-29 18:00:00', 48),
(2, 3, '2024-01-29 10:00:00', 48),
(2, 3, '2024-01-29 14:00:00', 48),
(2, 3, '2024-01-29 18:00:00', 48),
(2, 4, '2024-01-29 10:00:00', 300),
(2, 4, '2024-01-29 14:00:00', 300),
(2, 4, '2024-01-29 18:00:00', 300),
(3, 1, '2024-01-29 10:00:00', 48),
(3, 1, '2024-01-29 14:00:00', 48),
(3, 1, '2024-01-29 18:00:00', 48),
(3, 2, '2024-01-29 10:00:00', 48),
(3, 2, '2024-01-29 14:00:00', 48),
(3, 2, '2024-01-29 18:00:00', 48),
(3, 3, '2024-01-29 10:00:00', 48),
(3, 3, '2024-01-29 14:00:00', 48),
(3, 3, '2024-01-29 18:00:00', 48),
(3, 4, '2024-01-29 10:00:00', 300),
(3, 4, '2024-01-29 14:00:00', 300),
(3, 4, '2024-01-29 18:00:00', 300),
(1, 1, '2024-01-30 10:00:00', 48),
(1, 1, '2024-01-30 14:00:00', 48),
(1, 1, '2024-01-30 18:00:00', 48),
(1, 2, '2024-01-30 10:00:00', 48),
(1, 2, '2024-01-30 14:00:00', 48),
(1, 2, '2024-01-30 18:00:00', 48),
(1, 3, '2024-01-30 10:00:00', 48),
(1, 3, '2024-01-30 14:00:00', 48),
(1, 3, '2024-01-30 18:00:00', 48),
(1, 4, '2024-01-30 10:00:00', 300),
(1, 4, '2024-01-30 14:00:00', 300),
(1, 4, '2024-01-30 18:00:00', 300),
(2, 1, '2024-01-30 10:00:00', 48),
(2, 1, '2024-01-30 14:00:00', 48),
(2, 1, '2024-01-30 18:00:00', 48),
(2, 2, '2024-01-30 10:00:00', 48),
(2, 2, '2024-01-30 14:00:00', 48),
(2, 2, '2024-01-30 18:00:00', 48),
(2, 3, '2024-01-30 10:00:00', 48),
(2, 3, '2024-01-30 14:00:00', 48),
(2, 3, '2024-01-30 18:00:00', 48),
(2, 4, '2024-01-30 10:00:00', 300),
(2, 4, '2024-01-30 14:00:00', 300),
(2, 4, '2024-01-30 18:00:00', 300),
(3, 1, '2024-01-30 10:00:00', 48),
(3, 1, '2024-01-30 14:00:00', 48),
(3, 1, '2024-01-30 18:00:00', 48),
(3, 2, '2024-01-30 10:00:00', 48),
(3, 2, '2024-01-30 14:00:00', 48),
(3, 2, '2024-01-30 18:00:00', 48),
(3, 3, '2024-01-30 10:00:00', 48),
(3, 3, '2024-01-30 14:00:00', 48),
(3, 3, '2024-01-30 18:00:00', 48),
(3, 4, '2024-01-30 10:00:00', 300),
(3, 4, '2024-01-30 14:00:00', 300),
(3, 4, '2024-01-30 18:00:00', 300),
(1, 1, '2024-01-31 10:00:00', 48),
(1, 1, '2024-01-31 14:00:00', 48),
(1, 1, '2024-01-31 18:00:00', 48),
(1, 2, '2024-01-31 10:00:00', 48),
(1, 2, '2024-01-31 14:00:00', 48),
(1, 2, '2024-01-31 18:00:00', 48),
(1, 3, '2024-01-31 10:00:00', 48),
(1, 3, '2024-01-31 14:00:00', 48),
(1, 3, '2024-01-31 18:00:00', 48),
(1, 4, '2024-01-31 10:00:00', 300),
(1, 4, '2024-01-31 14:00:00', 300),
(1, 4, '2024-01-31 18:00:00', 300),
(2, 1, '2024-01-31 10:00:00', 48),
(2, 1, '2024-01-31 14:00:00', 48),
(2, 1, '2024-01-31 18:00:00', 48),
(2, 2, '2024-01-31 10:00:00', 48),
(2, 2, '2024-01-31 14:00:00', 48),
(2, 2, '2024-01-31 18:00:00', 48),
(2, 3, '2024-01-31 10:00:00', 48),
(2, 3, '2024-01-31 14:00:00', 48),
(2, 3, '2024-01-31 18:00:00', 48),
(2, 4, '2024-01-31 10:00:00', 300),
(2, 4, '2024-01-31 14:00:00', 300),
(2, 4, '2024-01-31 18:00:00', 300),
(3, 1, '2024-01-31 10:00:00', 48),
(3, 1, '2024-01-31 14:00:00', 48),
(3, 1, '2024-01-31 18:00:00', 48),
(3, 2, '2024-01-31 10:00:00', 48),
(3, 2, '2024-01-31 14:00:00', 48),
(3, 2, '2024-01-31 18:00:00', 48),
(3, 3, '2024-01-31 10:00:00', 48),
(3, 3, '2024-01-31 14:00:00', 48),
(3, 3, '2024-01-31 18:00:00', 48),
(3, 4, '2024-01-31 10:00:00', 300),
(3, 4, '2024-01-31 14:00:00', 300),
(3, 4, '2024-01-31 18:00:00', 300),
(1, 1, '2024-02-01 10:00:00', 48),
(1, 1, '2024-02-01 14:00:00', 48),
(1, 1, '2024-02-01 18:00:00', 48),
(1, 2, '2024-02-01 10:00:00', 48),
(1, 2, '2024-02-01 14:00:00', 48),
(1, 2, '2024-02-01 18:00:00', 48),
(1, 3, '2024-02-01 10:00:00', 48),
(1, 3, '2024-02-01 14:00:00', 48),
(1, 3, '2024-02-01 18:00:00', 48),
(1, 4, '2024-02-01 10:00:00', 300),
(1, 4, '2024-02-01 14:00:00', 300),
(1, 4, '2024-02-01 18:00:00', 300),
(2, 1, '2024-02-01 10:00:00', 48),
(2, 1, '2024-02-01 14:00:00', 48),
(2, 1, '2024-02-01 18:00:00', 48),
(2, 2, '2024-02-01 10:00:00', 48),
(2, 2, '2024-02-01 14:00:00', 48),
(2, 2, '2024-02-01 18:00:00', 48),
(2, 3, '2024-02-01 10:00:00', 48),
(2, 3, '2024-02-01 14:00:00', 48),
(2, 3, '2024-02-01 18:00:00', 48),
(2, 4, '2024-02-01 10:00:00', 300),
(2, 4, '2024-02-01 14:00:00', 300),
(2, 4, '2024-02-01 18:00:00', 300),
(3, 1, '2024-02-01 10:00:00', 48),
(3, 1, '2024-02-01 14:00:00', 48),
(3, 1, '2024-02-01 18:00:00', 48),
(3, 2, '2024-02-01 10:00:00', 48),
(3, 2, '2024-02-01 14:00:00', 48),
(3, 2, '2024-02-01 18:00:00', 48),
(3, 3, '2024-02-01 10:00:00', 48),
(3, 3, '2024-02-01 14:00:00', 48),
(3, 3, '2024-02-01 18:00:00', 48),
(3, 4, '2024-02-01 10:00:00', 300),
(3, 4, '2024-02-01 14:00:00', 300),
(3, 4, '2024-02-01 18:00:00', 300),
(1, 1, '2024-02-02 10:00:00', 48),
(1, 1, '2024-02-02 14:00:00', 48),
(1, 1, '2024-02-02 18:00:00', 48),
(1, 2, '2024-02-02 10:00:00', 48),
(1, 2, '2024-02-02 14:00:00', 48),
(1, 2, '2024-02-02 18:00:00', 48),
(1, 3, '2024-02-02 10:00:00', 48),
(1, 3, '2024-02-02 14:00:00', 48),
(1, 3, '2024-02-02 18:00:00', 48),
(1, 4, '2024-02-02 10:00:00', 300),
(1, 4, '2024-02-02 14:00:00', 300),
(1, 4, '2024-02-02 18:00:00', 300),
(2, 1, '2024-02-02 10:00:00', 48),
(2, 1, '2024-02-02 14:00:00', 48),
(2, 1, '2024-02-02 18:00:00', 48),
(2, 2, '2024-02-02 10:00:00', 48),
(2, 2, '2024-02-02 14:00:00', 48),
(2, 2, '2024-02-02 18:00:00', 48),
(2, 3, '2024-02-02 10:00:00', 48),
(2, 3, '2024-02-02 14:00:00', 48),
(2, 3, '2024-02-02 18:00:00', 48),
(2, 4, '2024-02-02 10:00:00', 300),
(2, 4, '2024-02-02 14:00:00', 300),
(2, 4, '2024-02-02 18:00:00', 300),
(3, 1, '2024-02-02 10:00:00', 48),
(3, 1, '2024-02-02 14:00:00', 48),
(3, 1, '2024-02-02 18:00:00', 48),
(3, 2, '2024-02-02 10:00:00', 48),
(3, 2, '2024-02-02 14:00:00', 48),
(3, 2, '2024-02-02 18:00:00', 48),
(3, 3, '2024-02-02 10:00:00', 48),
(3, 3, '2024-02-02 14:00:00', 48),
(3, 3, '2024-02-02 18:00:00', 48),
(3, 4, '2024-02-02 10:00:00', 300),
(3, 4, '2024-02-02 14:00:00', 300),
(3, 4, '2024-02-02 18:00:00', 300),
(1, 1, '2024-02-03 10:00:00', 48),
(1, 1, '2024-02-03 14:00:00', 48),
(1, 1, '2024-02-03 18:00:00', 48),
(1, 2, '2024-02-03 10:00:00', 48),
(1, 2, '2024-02-03 14:00:00', 48),
(1, 2, '2024-02-03 18:00:00', 48),
(1, 3, '2024-02-03 10:00:00', 48),
(1, 3, '2024-02-03 14:00:00', 48),
(1, 3, '2024-02-03 18:00:00', 48),
(1, 4, '2024-02-03 10:00:00', 300),
(1, 4, '2024-02-03 14:00:00', 300),
(1, 4, '2024-02-03 18:00:00', 300),
(2, 1, '2024-02-03 10:00:00', 48),
(2, 1, '2024-02-03 14:00:00', 48),
(2, 1, '2024-02-03 18:00:00', 48),
(2, 2, '2024-02-03 10:00:00', 48),
(2, 2, '2024-02-03 14:00:00', 48),
(2, 2, '2024-02-03 18:00:00', 48),
(2, 3, '2024-02-03 10:00:00', 48),
(2, 3, '2024-02-03 14:00:00', 48),
(2, 3, '2024-02-03 18:00:00', 48),
(2, 4, '2024-02-03 10:00:00', 300),
(2, 4, '2024-02-03 14:00:00', 300),
(2, 4, '2024-02-03 18:00:00', 300),
(3, 1, '2024-02-03 10:00:00', 48),
(3, 1, '2024-02-03 14:00:00', 48),
(3, 1, '2024-02-03 18:00:00', 48),
(3, 2, '2024-02-03 10:00:00', 48),
(3, 2, '2024-02-03 14:00:00', 48),
(3, 2, '2024-02-03 18:00:00', 48),
(3, 3, '2024-02-03 10:00:00', 48),
(3, 3, '2024-02-03 14:00:00', 48),
(3, 3, '2024-02-03 18:00:00', 48),
(3, 4, '2024-02-03 10:00:00', 300),
(3, 4, '2024-02-03 14:00:00', 300),
(3, 4, '2024-02-03 18:00:00', 300),
(1, 1, '2024-02-04 10:00:00', 48),
(1, 1, '2024-02-04 14:00:00', 48),
(1, 1, '2024-02-04 18:00:00', 48),
(1, 2, '2024-02-04 10:00:00', 48),
(1, 2, '2024-02-04 14:00:00', 48),
(1, 2, '2024-02-04 18:00:00', 48),
(1, 3, '2024-02-04 10:00:00', 48),
(1, 3, '2024-02-04 14:00:00', 48),
(1, 3, '2024-02-04 18:00:00', 48),
(1, 4, '2024-02-04 10:00:00', 300),
(1, 4, '2024-02-04 14:00:00', 300),
(1, 4, '2024-02-04 18:00:00', 300),
(2, 1, '2024-02-04 10:00:00', 48),
(2, 1, '2024-02-04 14:00:00', 48),
(2, 1, '2024-02-04 18:00:00', 48),
(2, 2, '2024-02-04 10:00:00', 48),
(2, 2, '2024-02-04 14:00:00', 48),
(2, 2, '2024-02-04 18:00:00', 48),
(2, 3, '2024-02-04 10:00:00', 48),
(2, 3, '2024-02-04 14:00:00', 48),
(2, 3, '2024-02-04 18:00:00', 48),
(2, 4, '2024-02-04 10:00:00', 300),
(2, 4, '2024-02-04 14:00:00', 300),
(2, 4, '2024-02-04 18:00:00', 300),
(3, 1, '2024-02-04 10:00:00', 48),
(3, 1, '2024-02-04 14:00:00', 48),
(3, 1, '2024-02-04 18:00:00', 48),
(3, 2, '2024-02-04 10:00:00', 48),
(3, 2, '2024-02-04 14:00:00', 48),
(3, 2, '2024-02-04 18:00:00', 48),
(3, 3, '2024-02-04 10:00:00', 48),
(3, 3, '2024-02-04 14:00:00', 48),
(3, 3, '2024-02-04 18:00:00', 48),
(3, 4, '2024-02-04 10:00:00', 300),
(3, 4, '2024-02-04 14:00:00', 300),
(3, 4, '2024-02-04 18:00:00', 300),
(1, 1, '2024-02-05 10:00:00', 48),
(1, 1, '2024-02-05 14:00:00', 48),
(1, 1, '2024-02-05 18:00:00', 48),
(1, 2, '2024-02-05 10:00:00', 48),
(1, 2, '2024-02-05 14:00:00', 48),
(1, 2, '2024-02-05 18:00:00', 48),
(1, 3, '2024-02-05 10:00:00', 48),
(1, 3, '2024-02-05 14:00:00', 48),
(1, 3, '2024-02-05 18:00:00', 48),
(1, 4, '2024-02-05 10:00:00', 300),
(1, 4, '2024-02-05 14:00:00', 300),
(1, 4, '2024-02-05 18:00:00', 300),
(2, 1, '2024-02-05 10:00:00', 48),
(2, 1, '2024-02-05 14:00:00', 48),
(2, 1, '2024-02-05 18:00:00', 48),
(2, 2, '2024-02-05 10:00:00', 48),
(2, 2, '2024-02-05 14:00:00', 48),
(2, 2, '2024-02-05 18:00:00', 48),
(2, 3, '2024-02-05 10:00:00', 48),
(2, 3, '2024-02-05 14:00:00', 48),
(2, 3, '2024-02-05 18:00:00', 48),
(2, 4, '2024-02-05 10:00:00', 300),
(2, 4, '2024-02-05 14:00:00', 300),
(2, 4, '2024-02-05 18:00:00', 300),
(3, 1, '2024-02-05 10:00:00', 48),
(3, 1, '2024-02-05 14:00:00', 48),
(3, 1, '2024-02-05 18:00:00', 48),
(3, 2, '2024-02-05 10:00:00', 48),
(3, 2, '2024-02-05 14:00:00', 48),
(3, 2, '2024-02-05 18:00:00', 48),
(3, 3, '2024-02-05 10:00:00', 48),
(3, 3, '2024-02-05 14:00:00', 48),
(3, 3, '2024-02-05 18:00:00', 48),
(3, 4, '2024-02-05 10:00:00', 300),
(3, 4, '2024-02-05 14:00:00', 300),
(3, 4, '2024-02-05 18:00:00', 300),
(1, 1, '2024-02-06 10:00:00', 48),
(1, 1, '2024-02-06 14:00:00', 48),
(1, 1, '2024-02-06 18:00:00', 48),
(1, 2, '2024-02-06 10:00:00', 48),
(1, 2, '2024-02-06 14:00:00', 48),
(1, 2, '2024-02-06 18:00:00', 48),
(1, 3, '2024-02-06 10:00:00', 48),
(1, 3, '2024-02-06 14:00:00', 48),
(1, 3, '2024-02-06 18:00:00', 48),
(1, 4, '2024-02-06 10:00:00', 300),
(1, 4, '2024-02-06 14:00:00', 300),
(1, 4, '2024-02-06 18:00:00', 300),
(2, 1, '2024-02-06 10:00:00', 48),
(2, 1, '2024-02-06 14:00:00', 48),
(2, 1, '2024-02-06 18:00:00', 48),
(2, 2, '2024-02-06 10:00:00', 48),
(2, 2, '2024-02-06 14:00:00', 48),
(2, 2, '2024-02-06 18:00:00', 48),
(2, 3, '2024-02-06 10:00:00', 48),
(2, 3, '2024-02-06 14:00:00', 48),
(2, 3, '2024-02-06 18:00:00', 48),
(2, 4, '2024-02-06 10:00:00', 300),
(2, 4, '2024-02-06 14:00:00', 300),
(2, 4, '2024-02-06 18:00:00', 300),
(3, 1, '2024-02-06 10:00:00', 48),
(3, 1, '2024-02-06 14:00:00', 48),
(3, 1, '2024-02-06 18:00:00', 48),
(3, 2, '2024-02-06 10:00:00', 48),
(3, 2, '2024-02-06 14:00:00', 48),
(3, 2, '2024-02-06 18:00:00', 48),
(3, 3, '2024-02-06 10:00:00', 48),
(3, 3, '2024-02-06 14:00:00', 48),
(3, 3, '2024-02-06 18:00:00', 48),
(3, 4, '2024-02-06 10:00:00', 300),
(3, 4, '2024-02-06 14:00:00', 300),
(3, 4, '2024-02-06 18:00:00', 300),
(1, 1, '2024-02-07 10:00:00', 48),
(1, 1, '2024-02-07 14:00:00', 48),
(1, 1, '2024-02-07 18:00:00', 48),
(1, 2, '2024-02-07 10:00:00', 48),
(1, 2, '2024-02-07 14:00:00', 48),
(1, 2, '2024-02-07 18:00:00', 48),
(1, 3, '2024-02-07 10:00:00', 48),
(1, 3, '2024-02-07 14:00:00', 48),
(1, 3, '2024-02-07 18:00:00', 48),
(1, 4, '2024-02-07 10:00:00', 300),
(1, 4, '2024-02-07 14:00:00', 300),
(1, 4, '2024-02-07 18:00:00', 300),
(2, 1, '2024-02-07 10:00:00', 48),
(2, 1, '2024-02-07 14:00:00', 48),
(2, 1, '2024-02-07 18:00:00', 48),
(2, 2, '2024-02-07 10:00:00', 48),
(2, 2, '2024-02-07 14:00:00', 48),
(2, 2, '2024-02-07 18:00:00', 48),
(2, 3, '2024-02-07 10:00:00', 48),
(2, 3, '2024-02-07 14:00:00', 48),
(2, 3, '2024-02-07 18:00:00', 48),
(2, 4, '2024-02-07 10:00:00', 300),
(2, 4, '2024-02-07 14:00:00', 300),
(2, 4, '2024-02-07 18:00:00', 300),
(3, 1, '2024-02-07 10:00:00', 48),
(3, 1, '2024-02-07 14:00:00', 48),
(3, 1, '2024-02-07 18:00:00', 48),
(3, 2, '2024-02-07 10:00:00', 48),
(3, 2, '2024-02-07 14:00:00', 48),
(3, 2, '2024-02-07 18:00:00', 48),
(3, 3, '2024-02-07 10:00:00', 48),
(3, 3, '2024-02-07 14:00:00', 48),
(3, 3, '2024-02-07 18:00:00', 48),
(3, 4, '2024-02-07 10:00:00', 300),
(3, 4, '2024-02-07 14:00:00', 300),
(3, 4, '2024-02-07 18:00:00', 300),
(1, 1, '2024-02-08 10:00:00', 48),
(1, 1, '2024-02-08 14:00:00', 48),
(1, 1, '2024-02-08 18:00:00', 48),
(1, 2, '2024-02-08 10:00:00', 48),
(1, 2, '2024-02-08 14:00:00', 48),
(1, 2, '2024-02-08 18:00:00', 48),
(1, 3, '2024-02-08 10:00:00', 48),
(1, 3, '2024-02-08 14:00:00', 48),
(1, 3, '2024-02-08 18:00:00', 48),
(1, 4, '2024-02-08 10:00:00', 300),
(1, 4, '2024-02-08 14:00:00', 300),
(1, 4, '2024-02-08 18:00:00', 300),
(2, 1, '2024-02-08 10:00:00', 48),
(2, 1, '2024-02-08 14:00:00', 48),
(2, 1, '2024-02-08 18:00:00', 48),
(2, 2, '2024-02-08 10:00:00', 48),
(2, 2, '2024-02-08 14:00:00', 48),
(2, 2, '2024-02-08 18:00:00', 48),
(2, 3, '2024-02-08 10:00:00', 48),
(2, 3, '2024-02-08 14:00:00', 48),
(2, 3, '2024-02-08 18:00:00', 48),
(2, 4, '2024-02-08 10:00:00', 300),
(2, 4, '2024-02-08 14:00:00', 300),
(2, 4, '2024-02-08 18:00:00', 300),
(3, 1, '2024-02-08 10:00:00', 48),
(3, 1, '2024-02-08 14:00:00', 48),
(3, 1, '2024-02-08 18:00:00', 48),
(3, 2, '2024-02-08 10:00:00', 48),
(3, 2, '2024-02-08 14:00:00', 48),
(3, 2, '2024-02-08 18:00:00', 48),
(3, 3, '2024-02-08 10:00:00', 48),
(3, 3, '2024-02-08 14:00:00', 48),
(3, 3, '2024-02-08 18:00:00', 48),
(3, 4, '2024-02-08 10:00:00', 300),
(3, 4, '2024-02-08 14:00:00', 300),
(3, 4, '2024-02-08 18:00:00', 300),
(1, 1, '2024-02-09 10:00:00', 48),
(1, 1, '2024-02-09 14:00:00', 48),
(1, 1, '2024-02-09 18:00:00', 48),
(1, 2, '2024-02-09 10:00:00', 48),
(1, 2, '2024-02-09 14:00:00', 48),
(1, 2, '2024-02-09 18:00:00', 48),
(1, 3, '2024-02-09 10:00:00', 48),
(1, 3, '2024-02-09 14:00:00', 48),
(1, 3, '2024-02-09 18:00:00', 48),
(1, 4, '2024-02-09 10:00:00', 300),
(1, 4, '2024-02-09 14:00:00', 300),
(1, 4, '2024-02-09 18:00:00', 300),
(2, 1, '2024-02-09 10:00:00', 48),
(2, 1, '2024-02-09 14:00:00', 48),
(2, 1, '2024-02-09 18:00:00', 48),
(2, 2, '2024-02-09 10:00:00', 48),
(2, 2, '2024-02-09 14:00:00', 48),
(2, 2, '2024-02-09 18:00:00', 48),
(2, 3, '2024-02-09 10:00:00', 48),
(2, 3, '2024-02-09 14:00:00', 48),
(2, 3, '2024-02-09 18:00:00', 48),
(2, 4, '2024-02-09 10:00:00', 300),
(2, 4, '2024-02-09 14:00:00', 300),
(2, 4, '2024-02-09 18:00:00', 300),
(3, 1, '2024-02-09 10:00:00', 48),
(3, 1, '2024-02-09 14:00:00', 48),
(3, 1, '2024-02-09 18:00:00', 48),
(3, 2, '2024-02-09 10:00:00', 48),
(3, 2, '2024-02-09 14:00:00', 48),
(3, 2, '2024-02-09 18:00:00', 48),
(3, 3, '2024-02-09 10:00:00', 48),
(3, 3, '2024-02-09 14:00:00', 48),
(3, 3, '2024-02-09 18:00:00', 48),
(3, 4, '2024-02-09 10:00:00', 300),
(3, 4, '2024-02-09 14:00:00', 300),
(3, 4, '2024-02-09 18:00:00', 300),
(1, 1, '2024-02-10 10:00:00', 48),
(1, 1, '2024-02-10 14:00:00', 48),
(1, 1, '2024-02-10 18:00:00', 48),
(1, 2, '2024-02-10 10:00:00', 48),
(1, 2, '2024-02-10 14:00:00', 48),
(1, 2, '2024-02-10 18:00:00', 48),
(1, 3, '2024-02-10 10:00:00', 48),
(1, 3, '2024-02-10 14:00:00', 48),
(1, 3, '2024-02-10 18:00:00', 48),
(1, 4, '2024-02-10 10:00:00', 300),
(1, 4, '2024-02-10 14:00:00', 300),
(1, 4, '2024-02-10 18:00:00', 300),
(2, 1, '2024-02-10 10:00:00', 48),
(2, 1, '2024-02-10 14:00:00', 48),
(2, 1, '2024-02-10 18:00:00', 48),
(2, 2, '2024-02-10 10:00:00', 48),
(2, 2, '2024-02-10 14:00:00', 48),
(2, 2, '2024-02-10 18:00:00', 48),
(2, 3, '2024-02-10 10:00:00', 48),
(2, 3, '2024-02-10 14:00:00', 48),
(2, 3, '2024-02-10 18:00:00', 48),
(2, 4, '2024-02-10 10:00:00', 300),
(2, 4, '2024-02-10 14:00:00', 300),
(2, 4, '2024-02-10 18:00:00', 300),
(3, 1, '2024-02-10 10:00:00', 48),
(3, 1, '2024-02-10 14:00:00', 48),
(3, 1, '2024-02-10 18:00:00', 48),
(3, 2, '2024-02-10 10:00:00', 48),
(3, 2, '2024-02-10 14:00:00', 48),
(3, 2, '2024-02-10 18:00:00', 48),
(3, 3, '2024-02-10 10:00:00', 48),
(3, 3, '2024-02-10 14:00:00', 48),
(3, 3, '2024-02-10 18:00:00', 48),
(3, 4, '2024-02-10 10:00:00', 300),
(3, 4, '2024-02-10 14:00:00', 300),
(3, 4, '2024-02-10 18:00:00', 300),
(1, 1, '2024-02-11 10:00:00', 48),
(1, 1, '2024-02-11 14:00:00', 48),
(1, 1, '2024-02-11 18:00:00', 48),
(1, 2, '2024-02-11 10:00:00', 48),
(1, 2, '2024-02-11 14:00:00', 48),
(1, 2, '2024-02-11 18:00:00', 48),
(1, 3, '2024-02-11 10:00:00', 48),
(1, 3, '2024-02-11 14:00:00', 48),
(1, 3, '2024-02-11 18:00:00', 48),
(1, 4, '2024-02-11 10:00:00', 300),
(1, 4, '2024-02-11 14:00:00', 300),
(1, 4, '2024-02-11 18:00:00', 300),
(2, 1, '2024-02-11 10:00:00', 48),
(2, 1, '2024-02-11 14:00:00', 48),
(2, 1, '2024-02-11 18:00:00', 48),
(2, 2, '2024-02-11 10:00:00', 48),
(2, 2, '2024-02-11 14:00:00', 48),
(2, 2, '2024-02-11 18:00:00', 48),
(2, 3, '2024-02-11 10:00:00', 48),
(2, 3, '2024-02-11 14:00:00', 48),
(2, 3, '2024-02-11 18:00:00', 48),
(2, 4, '2024-02-11 10:00:00', 300),
(2, 4, '2024-02-11 14:00:00', 300),
(2, 4, '2024-02-11 18:00:00', 300),
(3, 1, '2024-02-11 10:00:00', 48),
(3, 1, '2024-02-11 14:00:00', 48),
(3, 1, '2024-02-11 18:00:00', 48),
(3, 2, '2024-02-11 10:00:00', 48),
(3, 2, '2024-02-11 14:00:00', 48),
(3, 2, '2024-02-11 18:00:00', 48),
(3, 3, '2024-02-11 10:00:00', 48),
(3, 3, '2024-02-11 14:00:00', 48),
(3, 3, '2024-02-11 18:00:00', 48),
(3, 4, '2024-02-11 10:00:00', 300),
(3, 4, '2024-02-11 14:00:00', 300),
(3, 4, '2024-02-11 18:00:00', 300),
(1, 1, '2024-02-12 10:00:00', 48),
(1, 1, '2024-02-12 14:00:00', 48),
(1, 1, '2024-02-12 18:00:00', 48),
(1, 2, '2024-02-12 10:00:00', 48),
(1, 2, '2024-02-12 14:00:00', 48),
(1, 2, '2024-02-12 18:00:00', 48),
(1, 3, '2024-02-12 10:00:00', 48),
(1, 3, '2024-02-12 14:00:00', 48),
(1, 3, '2024-02-12 18:00:00', 48),
(1, 4, '2024-02-12 10:00:00', 300),
(1, 4, '2024-02-12 14:00:00', 300),
(1, 4, '2024-02-12 18:00:00', 300),
(2, 1, '2024-02-12 10:00:00', 48),
(2, 1, '2024-02-12 14:00:00', 48),
(2, 1, '2024-02-12 18:00:00', 48),
(2, 2, '2024-02-12 10:00:00', 48),
(2, 2, '2024-02-12 14:00:00', 48),
(2, 2, '2024-02-12 18:00:00', 48),
(2, 3, '2024-02-12 10:00:00', 48),
(2, 3, '2024-02-12 14:00:00', 48),
(2, 3, '2024-02-12 18:00:00', 48),
(2, 4, '2024-02-12 10:00:00', 300),
(2, 4, '2024-02-12 14:00:00', 300),
(2, 4, '2024-02-12 18:00:00', 300),
(3, 1, '2024-02-12 10:00:00', 48),
(3, 1, '2024-02-12 14:00:00', 48),
(3, 1, '2024-02-12 18:00:00', 48),
(3, 2, '2024-02-12 10:00:00', 48),
(3, 2, '2024-02-12 14:00:00', 48),
(3, 2, '2024-02-12 18:00:00', 48),
(3, 3, '2024-02-12 10:00:00', 48),
(3, 3, '2024-02-12 14:00:00', 48),
(3, 3, '2024-02-12 18:00:00', 48),
(3, 4, '2024-02-12 10:00:00', 300),
(3, 4, '2024-02-12 14:00:00', 300),
(3, 4, '2024-02-12 18:00:00', 300),
(1, 1, '2024-02-13 10:00:00', 48),
(1, 1, '2024-02-13 14:00:00', 48),
(1, 1, '2024-02-13 18:00:00', 48),
(1, 2, '2024-02-13 10:00:00', 48),
(1, 2, '2024-02-13 14:00:00', 48),
(1, 2, '2024-02-13 18:00:00', 48),
(1, 3, '2024-02-13 10:00:00', 48),
(1, 3, '2024-02-13 14:00:00', 48),
(1, 3, '2024-02-13 18:00:00', 48),
(1, 4, '2024-02-13 10:00:00', 300),
(1, 4, '2024-02-13 14:00:00', 300),
(1, 4, '2024-02-13 18:00:00', 300),
(2, 1, '2024-02-13 10:00:00', 48),
(2, 1, '2024-02-13 14:00:00', 48),
(2, 1, '2024-02-13 18:00:00', 48),
(2, 2, '2024-02-13 10:00:00', 48),
(2, 2, '2024-02-13 14:00:00', 48),
(2, 2, '2024-02-13 18:00:00', 48),
(2, 3, '2024-02-13 10:00:00', 48),
(2, 3, '2024-02-13 14:00:00', 48),
(2, 3, '2024-02-13 18:00:00', 48),
(2, 4, '2024-02-13 10:00:00', 300),
(2, 4, '2024-02-13 14:00:00', 300),
(2, 4, '2024-02-13 18:00:00', 300),
(3, 1, '2024-02-13 10:00:00', 48),
(3, 1, '2024-02-13 14:00:00', 48),
(3, 1, '2024-02-13 18:00:00', 48),
(3, 2, '2024-02-13 10:00:00', 48),
(3, 2, '2024-02-13 14:00:00', 48),
(3, 2, '2024-02-13 18:00:00', 48),
(3, 3, '2024-02-13 10:00:00', 48),
(3, 3, '2024-02-13 14:00:00', 48),
(3, 3, '2024-02-13 18:00:00', 48),
(3, 4, '2024-02-13 10:00:00', 300),
(3, 4, '2024-02-13 14:00:00', 300),
(3, 4, '2024-02-13 18:00:00', 300),
(1, 1, '2024-02-14 10:00:00', 48),
(1, 1, '2024-02-14 14:00:00', 48),
(1, 1, '2024-02-14 18:00:00', 48),
(1, 2, '2024-02-14 10:00:00', 48),
(1, 2, '2024-02-14 14:00:00', 48),
(1, 2, '2024-02-14 18:00:00', 48),
(1, 3, '2024-02-14 10:00:00', 48),
(1, 3, '2024-02-14 14:00:00', 48),
(1, 3, '2024-02-14 18:00:00', 48),
(1, 4, '2024-02-14 10:00:00', 300),
(1, 4, '2024-02-14 14:00:00', 300),
(1, 4, '2024-02-14 18:00:00', 300),
(2, 1, '2024-02-14 10:00:00', 48),
(2, 1, '2024-02-14 14:00:00', 48),
(2, 1, '2024-02-14 18:00:00', 48),
(2, 2, '2024-02-14 10:00:00', 48),
(2, 2, '2024-02-14 14:00:00', 48),
(2, 2, '2024-02-14 18:00:00', 48),
(2, 3, '2024-02-14 10:00:00', 48),
(2, 3, '2024-02-14 14:00:00', 48),
(2, 3, '2024-02-14 18:00:00', 48),
(2, 4, '2024-02-14 10:00:00', 300),
(2, 4, '2024-02-14 14:00:00', 300),
(2, 4, '2024-02-14 18:00:00', 300),
(3, 1, '2024-02-14 10:00:00', 48),
(3, 1, '2024-02-14 14:00:00', 48),
(3, 1, '2024-02-14 18:00:00', 48),
(3, 2, '2024-02-14 10:00:00', 48),
(3, 2, '2024-02-14 14:00:00', 48),
(3, 2, '2024-02-14 18:00:00', 48),
(3, 3, '2024-02-14 10:00:00', 48),
(3, 3, '2024-02-14 14:00:00', 48),
(3, 3, '2024-02-14 18:00:00', 48),
(3, 4, '2024-02-14 10:00:00', 300),
(3, 4, '2024-02-14 14:00:00', 300),
(3, 4, '2024-02-14 18:00:00', 300),
(1, 1, '2024-02-15 10:00:00', 48),
(1, 1, '2024-02-15 14:00:00', 48),
(1, 1, '2024-02-15 18:00:00', 48),
(1, 2, '2024-02-15 10:00:00', 48),
(1, 2, '2024-02-15 14:00:00', 48),
(1, 2, '2024-02-15 18:00:00', 48),
(1, 3, '2024-02-15 10:00:00', 48),
(1, 3, '2024-02-15 14:00:00', 48),
(1, 3, '2024-02-15 18:00:00', 48),
(1, 4, '2024-02-15 10:00:00', 300),
(1, 4, '2024-02-15 14:00:00', 300),
(1, 4, '2024-02-15 18:00:00', 300),
(2, 1, '2024-02-15 10:00:00', 48),
(2, 1, '2024-02-15 14:00:00', 48),
(2, 1, '2024-02-15 18:00:00', 48),
(2, 2, '2024-02-15 10:00:00', 48),
(2, 2, '2024-02-15 14:00:00', 48),
(2, 2, '2024-02-15 18:00:00', 48),
(2, 3, '2024-02-15 10:00:00', 48),
(2, 3, '2024-02-15 14:00:00', 48),
(2, 3, '2024-02-15 18:00:00', 48),
(2, 4, '2024-02-15 10:00:00', 300),
(2, 4, '2024-02-15 14:00:00', 300),
(2, 4, '2024-02-15 18:00:00', 300),
(3, 1, '2024-02-15 10:00:00', 48),
(3, 1, '2024-02-15 14:00:00', 48),
(3, 1, '2024-02-15 18:00:00', 48),
(3, 2, '2024-02-15 10:00:00', 48),
(3, 2, '2024-02-15 14:00:00', 48),
(3, 2, '2024-02-15 18:00:00', 48),
(3, 3, '2024-02-15 10:00:00', 48),
(3, 3, '2024-02-15 14:00:00', 48),
(3, 3, '2024-02-15 18:00:00', 48),
(3, 4, '2024-02-15 10:00:00', 300),
(3, 4, '2024-02-15 14:00:00', 300),
(3, 4, '2024-02-15 18:00:00', 300),
(1, 1, '2024-02-16 10:00:00', 48),
(1, 1, '2024-02-16 14:00:00', 48),
(1, 1, '2024-02-16 18:00:00', 48),
(1, 2, '2024-02-16 10:00:00', 48),
(1, 2, '2024-02-16 14:00:00', 48),
(1, 2, '2024-02-16 18:00:00', 48),
(1, 3, '2024-02-16 10:00:00', 48),
(1, 3, '2024-02-16 14:00:00', 48),
(1, 3, '2024-02-16 18:00:00', 48),
(1, 4, '2024-02-16 10:00:00', 300),
(1, 4, '2024-02-16 14:00:00', 300),
(1, 4, '2024-02-16 18:00:00', 300),
(2, 1, '2024-02-16 10:00:00', 48),
(2, 1, '2024-02-16 14:00:00', 48),
(2, 1, '2024-02-16 18:00:00', 48),
(2, 2, '2024-02-16 10:00:00', 48),
(2, 2, '2024-02-16 14:00:00', 48),
(2, 2, '2024-02-16 18:00:00', 48),
(2, 3, '2024-02-16 10:00:00', 48),
(2, 3, '2024-02-16 14:00:00', 48),
(2, 3, '2024-02-16 18:00:00', 48),
(2, 4, '2024-02-16 10:00:00', 300),
(2, 4, '2024-02-16 14:00:00', 300),
(2, 4, '2024-02-16 18:00:00', 300),
(3, 1, '2024-02-16 10:00:00', 48),
(3, 1, '2024-02-16 14:00:00', 48),
(3, 1, '2024-02-16 18:00:00', 48),
(3, 2, '2024-02-16 10:00:00', 48),
(3, 2, '2024-02-16 14:00:00', 48),
(3, 2, '2024-02-16 18:00:00', 48),
(3, 3, '2024-02-16 10:00:00', 48),
(3, 3, '2024-02-16 14:00:00', 48),
(3, 3, '2024-02-16 18:00:00', 48),
(3, 4, '2024-02-16 10:00:00', 300),
(3, 4, '2024-02-16 14:00:00', 300),
(3, 4, '2024-02-16 18:00:00', 300),
(1, 1, '2024-02-17 10:00:00', 48),
(1, 1, '2024-02-17 14:00:00', 48),
(1, 1, '2024-02-17 18:00:00', 48),
(1, 2, '2024-02-17 10:00:00', 48),
(1, 2, '2024-02-17 14:00:00', 48),
(1, 2, '2024-02-17 18:00:00', 48),
(1, 3, '2024-02-17 10:00:00', 48),
(1, 3, '2024-02-17 14:00:00', 48),
(1, 3, '2024-02-17 18:00:00', 48),
(1, 4, '2024-02-17 10:00:00', 300),
(1, 4, '2024-02-17 14:00:00', 300),
(1, 4, '2024-02-17 18:00:00', 300),
(2, 1, '2024-02-17 10:00:00', 48),
(2, 1, '2024-02-17 14:00:00', 48),
(2, 1, '2024-02-17 18:00:00', 48),
(2, 2, '2024-02-17 10:00:00', 48),
(2, 2, '2024-02-17 14:00:00', 48),
(2, 2, '2024-02-17 18:00:00', 48),
(2, 3, '2024-02-17 10:00:00', 48),
(2, 3, '2024-02-17 14:00:00', 48),
(2, 3, '2024-02-17 18:00:00', 48),
(2, 4, '2024-02-17 10:00:00', 300),
(2, 4, '2024-02-17 14:00:00', 300),
(2, 4, '2024-02-17 18:00:00', 300),
(3, 1, '2024-02-17 10:00:00', 48),
(3, 1, '2024-02-17 14:00:00', 48),
(3, 1, '2024-02-17 18:00:00', 48),
(3, 2, '2024-02-17 10:00:00', 48),
(3, 2, '2024-02-17 14:00:00', 48),
(3, 2, '2024-02-17 18:00:00', 48),
(3, 3, '2024-02-17 10:00:00', 48),
(3, 3, '2024-02-17 14:00:00', 48),
(3, 3, '2024-02-17 18:00:00', 48),
(3, 4, '2024-02-17 10:00:00', 300),
(3, 4, '2024-02-17 14:00:00', 300),
(3, 4, '2024-02-17 18:00:00', 300),
(1, 1, '2024-02-18 10:00:00', 48),
(1, 1, '2024-02-18 14:00:00', 48),
(1, 1, '2024-02-18 18:00:00', 48),
(1, 2, '2024-02-18 10:00:00', 48),
(1, 2, '2024-02-18 14:00:00', 48),
(1, 2, '2024-02-18 18:00:00', 48),
(1, 3, '2024-02-18 10:00:00', 48),
(1, 3, '2024-02-18 14:00:00', 48),
(1, 3, '2024-02-18 18:00:00', 48),
(1, 4, '2024-02-18 10:00:00', 300),
(1, 4, '2024-02-18 14:00:00', 300),
(1, 4, '2024-02-18 18:00:00', 300),
(2, 1, '2024-02-18 10:00:00', 48),
(2, 1, '2024-02-18 14:00:00', 48),
(2, 1, '2024-02-18 18:00:00', 48),
(2, 2, '2024-02-18 10:00:00', 48),
(2, 2, '2024-02-18 14:00:00', 48),
(2, 2, '2024-02-18 18:00:00', 48),
(2, 3, '2024-02-18 10:00:00', 48),
(2, 3, '2024-02-18 14:00:00', 48),
(2, 3, '2024-02-18 18:00:00', 48),
(2, 4, '2024-02-18 10:00:00', 300),
(2, 4, '2024-02-18 14:00:00', 300),
(2, 4, '2024-02-18 18:00:00', 300),
(3, 1, '2024-02-18 10:00:00', 48),
(3, 1, '2024-02-18 14:00:00', 48),
(3, 1, '2024-02-18 18:00:00', 48),
(3, 2, '2024-02-18 10:00:00', 48),
(3, 2, '2024-02-18 14:00:00', 48),
(3, 2, '2024-02-18 18:00:00', 48),
(3, 3, '2024-02-18 10:00:00', 48),
(3, 3, '2024-02-18 14:00:00', 48),
(3, 3, '2024-02-18 18:00:00', 48),
(3, 4, '2024-02-18 10:00:00', 300),
(3, 4, '2024-02-18 14:00:00', 300),
(3, 4, '2024-02-18 18:00:00', 300),
(1, 1, '2024-02-19 10:00:00', 48),
(1, 1, '2024-02-19 14:00:00', 48),
(1, 1, '2024-02-19 18:00:00', 48),
(1, 2, '2024-02-19 10:00:00', 48),
(1, 2, '2024-02-19 14:00:00', 48),
(1, 2, '2024-02-19 18:00:00', 48),
(1, 3, '2024-02-19 10:00:00', 48),
(1, 3, '2024-02-19 14:00:00', 48),
(1, 3, '2024-02-19 18:00:00', 48),
(1, 4, '2024-02-19 10:00:00', 300),
(1, 4, '2024-02-19 14:00:00', 300),
(1, 4, '2024-02-19 18:00:00', 300),
(2, 1, '2024-02-19 10:00:00', 48),
(2, 1, '2024-02-19 14:00:00', 48),
(2, 1, '2024-02-19 18:00:00', 48),
(2, 2, '2024-02-19 10:00:00', 48),
(2, 2, '2024-02-19 14:00:00', 48),
(2, 2, '2024-02-19 18:00:00', 48),
(2, 3, '2024-02-19 10:00:00', 48),
(2, 3, '2024-02-19 14:00:00', 48),
(2, 3, '2024-02-19 18:00:00', 48),
(2, 4, '2024-02-19 10:00:00', 300),
(2, 4, '2024-02-19 14:00:00', 300),
(2, 4, '2024-02-19 18:00:00', 300),
(3, 1, '2024-02-19 10:00:00', 48),
(3, 1, '2024-02-19 14:00:00', 48),
(3, 1, '2024-02-19 18:00:00', 48),
(3, 2, '2024-02-19 10:00:00', 48),
(3, 2, '2024-02-19 14:00:00', 48),
(3, 2, '2024-02-19 18:00:00', 48),
(3, 3, '2024-02-19 10:00:00', 48),
(3, 3, '2024-02-19 14:00:00', 48),
(3, 3, '2024-02-19 18:00:00', 48),
(3, 4, '2024-02-19 10:00:00', 300),
(3, 4, '2024-02-19 14:00:00', 300),
(3, 4, '2024-02-19 18:00:00', 300),
(1, 1, '2024-02-20 10:00:00', 48),
(1, 1, '2024-02-20 14:00:00', 48),
(1, 1, '2024-02-20 18:00:00', 48),
(1, 2, '2024-02-20 10:00:00', 48),
(1, 2, '2024-02-20 14:00:00', 48),
(1, 2, '2024-02-20 18:00:00', 48),
(1, 3, '2024-02-20 10:00:00', 48),
(1, 3, '2024-02-20 14:00:00', 48),
(1, 3, '2024-02-20 18:00:00', 48),
(1, 4, '2024-02-20 10:00:00', 300),
(1, 4, '2024-02-20 14:00:00', 300),
(1, 4, '2024-02-20 18:00:00', 300),
(2, 1, '2024-02-20 10:00:00', 48),
(2, 1, '2024-02-20 14:00:00', 48),
(2, 1, '2024-02-20 18:00:00', 48),
(2, 2, '2024-02-20 10:00:00', 48),
(2, 2, '2024-02-20 14:00:00', 48),
(2, 2, '2024-02-20 18:00:00', 48),
(2, 3, '2024-02-20 10:00:00', 48),
(2, 3, '2024-02-20 14:00:00', 48),
(2, 3, '2024-02-20 18:00:00', 48),
(2, 4, '2024-02-20 10:00:00', 300),
(2, 4, '2024-02-20 14:00:00', 300),
(2, 4, '2024-02-20 18:00:00', 300),
(3, 1, '2024-02-20 10:00:00', 48),
(3, 1, '2024-02-20 14:00:00', 48),
(3, 1, '2024-02-20 18:00:00', 48),
(3, 2, '2024-02-20 10:00:00', 48),
(3, 2, '2024-02-20 14:00:00', 48),
(3, 2, '2024-02-20 18:00:00', 48),
(3, 3, '2024-02-20 10:00:00', 48),
(3, 3, '2024-02-20 14:00:00', 48),
(3, 3, '2024-02-20 18:00:00', 48),
(3, 4, '2024-02-20 10:00:00', 300),
(3, 4, '2024-02-20 14:00:00', 300),
(3, 4, '2024-02-20 18:00:00', 300),
(1, 1, '2024-02-21 10:00:00', 48),
(1, 1, '2024-02-21 14:00:00', 48),
(1, 1, '2024-02-21 18:00:00', 48),
(1, 2, '2024-02-21 10:00:00', 48),
(1, 2, '2024-02-21 14:00:00', 48),
(1, 2, '2024-02-21 18:00:00', 48),
(1, 3, '2024-02-21 10:00:00', 48),
(1, 3, '2024-02-21 14:00:00', 48),
(1, 3, '2024-02-21 18:00:00', 48),
(1, 4, '2024-02-21 10:00:00', 300),
(1, 4, '2024-02-21 14:00:00', 300),
(1, 4, '2024-02-21 18:00:00', 300),
(2, 1, '2024-02-21 10:00:00', 48),
(2, 1, '2024-02-21 14:00:00', 48),
(2, 1, '2024-02-21 18:00:00', 48),
(2, 2, '2024-02-21 10:00:00', 48),
(2, 2, '2024-02-21 14:00:00', 48),
(2, 2, '2024-02-21 18:00:00', 48),
(2, 3, '2024-02-21 10:00:00', 48),
(2, 3, '2024-02-21 14:00:00', 48),
(2, 3, '2024-02-21 18:00:00', 48),
(2, 4, '2024-02-21 10:00:00', 300),
(2, 4, '2024-02-21 14:00:00', 300),
(2, 4, '2024-02-21 18:00:00', 300),
(3, 1, '2024-02-21 10:00:00', 48),
(3, 1, '2024-02-21 14:00:00', 48),
(3, 1, '2024-02-21 18:00:00', 48),
(3, 2, '2024-02-21 10:00:00', 48),
(3, 2, '2024-02-21 14:00:00', 48),
(3, 2, '2024-02-21 18:00:00', 48),
(3, 3, '2024-02-21 10:00:00', 48),
(3, 3, '2024-02-21 14:00:00', 48),
(3, 3, '2024-02-21 18:00:00', 48),
(3, 4, '2024-02-21 10:00:00', 300),
(3, 4, '2024-02-21 14:00:00', 300),
(3, 4, '2024-02-21 18:00:00', 300),
(1, 1, '2024-02-22 10:00:00', 48),
(1, 1, '2024-02-22 14:00:00', 48),
(1, 1, '2024-02-22 18:00:00', 48),
(1, 2, '2024-02-22 10:00:00', 48),
(1, 2, '2024-02-22 14:00:00', 48),
(1, 2, '2024-02-22 18:00:00', 48),
(1, 3, '2024-02-22 10:00:00', 48),
(1, 3, '2024-02-22 14:00:00', 48),
(1, 3, '2024-02-22 18:00:00', 48),
(1, 4, '2024-02-22 10:00:00', 300),
(1, 4, '2024-02-22 14:00:00', 300),
(1, 4, '2024-02-22 18:00:00', 300),
(2, 1, '2024-02-22 10:00:00', 48),
(2, 1, '2024-02-22 14:00:00', 48),
(2, 1, '2024-02-22 18:00:00', 48),
(2, 2, '2024-02-22 10:00:00', 48),
(2, 2, '2024-02-22 14:00:00', 48),
(2, 2, '2024-02-22 18:00:00', 48),
(2, 3, '2024-02-22 10:00:00', 48),
(2, 3, '2024-02-22 14:00:00', 48),
(2, 3, '2024-02-22 18:00:00', 48),
(2, 4, '2024-02-22 10:00:00', 300),
(2, 4, '2024-02-22 14:00:00', 300),
(2, 4, '2024-02-22 18:00:00', 300),
(3, 1, '2024-02-22 10:00:00', 48),
(3, 1, '2024-02-22 14:00:00', 48),
(3, 1, '2024-02-22 18:00:00', 48),
(3, 2, '2024-02-22 10:00:00', 48),
(3, 2, '2024-02-22 14:00:00', 48),
(3, 2, '2024-02-22 18:00:00', 48),
(3, 3, '2024-02-22 10:00:00', 48),
(3, 3, '2024-02-22 14:00:00', 48),
(3, 3, '2024-02-22 18:00:00', 48),
(3, 4, '2024-02-22 10:00:00', 300),
(3, 4, '2024-02-22 14:00:00', 300),
(3, 4, '2024-02-22 18:00:00', 300),
(1, 1, '2024-02-23 10:00:00', 48),
(1, 1, '2024-02-23 14:00:00', 48),
(1, 1, '2024-02-23 18:00:00', 48),
(1, 2, '2024-02-23 10:00:00', 48),
(1, 2, '2024-02-23 14:00:00', 48),
(1, 2, '2024-02-23 18:00:00', 48),
(1, 3, '2024-02-23 10:00:00', 48),
(1, 3, '2024-02-23 14:00:00', 48),
(1, 3, '2024-02-23 18:00:00', 48),
(1, 4, '2024-02-23 10:00:00', 300),
(1, 4, '2024-02-23 14:00:00', 300),
(1, 4, '2024-02-23 18:00:00', 300),
(2, 1, '2024-02-23 10:00:00', 48),
(2, 1, '2024-02-23 14:00:00', 48),
(2, 1, '2024-02-23 18:00:00', 48),
(2, 2, '2024-02-23 10:00:00', 48),
(2, 2, '2024-02-23 14:00:00', 48),
(2, 2, '2024-02-23 18:00:00', 48),
(2, 3, '2024-02-23 10:00:00', 48),
(2, 3, '2024-02-23 14:00:00', 48),
(2, 3, '2024-02-23 18:00:00', 48),
(2, 4, '2024-02-23 10:00:00', 300),
(2, 4, '2024-02-23 14:00:00', 300),
(2, 4, '2024-02-23 18:00:00', 300),
(3, 1, '2024-02-23 10:00:00', 48),
(3, 1, '2024-02-23 14:00:00', 48),
(3, 1, '2024-02-23 18:00:00', 48),
(3, 2, '2024-02-23 10:00:00', 48),
(3, 2, '2024-02-23 14:00:00', 48),
(3, 2, '2024-02-23 18:00:00', 48),
(3, 3, '2024-02-23 10:00:00', 48),
(3, 3, '2024-02-23 14:00:00', 48),
(3, 3, '2024-02-23 18:00:00', 48),
(3, 4, '2024-02-23 10:00:00', 300),
(3, 4, '2024-02-23 14:00:00', 300),
(3, 4, '2024-02-23 18:00:00', 300),
(1, 1, '2024-02-24 10:00:00', 48),
(1, 1, '2024-02-24 14:00:00', 48),
(1, 1, '2024-02-24 18:00:00', 48),
(1, 2, '2024-02-24 10:00:00', 48),
(1, 2, '2024-02-24 14:00:00', 48),
(1, 2, '2024-02-24 18:00:00', 48),
(1, 3, '2024-02-24 10:00:00', 48),
(1, 3, '2024-02-24 14:00:00', 48),
(1, 3, '2024-02-24 18:00:00', 48),
(1, 4, '2024-02-24 10:00:00', 300),
(1, 4, '2024-02-24 14:00:00', 300),
(1, 4, '2024-02-24 18:00:00', 300),
(2, 1, '2024-02-24 10:00:00', 48),
(2, 1, '2024-02-24 14:00:00', 48),
(2, 1, '2024-02-24 18:00:00', 48),
(2, 2, '2024-02-24 10:00:00', 48),
(2, 2, '2024-02-24 14:00:00', 48),
(2, 2, '2024-02-24 18:00:00', 48),
(2, 3, '2024-02-24 10:00:00', 48),
(2, 3, '2024-02-24 14:00:00', 48),
(2, 3, '2024-02-24 18:00:00', 48),
(2, 4, '2024-02-24 10:00:00', 300),
(2, 4, '2024-02-24 14:00:00', 300),
(2, 4, '2024-02-24 18:00:00', 300),
(3, 1, '2024-02-24 10:00:00', 48),
(3, 1, '2024-02-24 14:00:00', 48),
(3, 1, '2024-02-24 18:00:00', 48),
(3, 2, '2024-02-24 10:00:00', 48),
(3, 2, '2024-02-24 14:00:00', 48),
(3, 2, '2024-02-24 18:00:00', 48),
(3, 3, '2024-02-24 10:00:00', 48),
(3, 3, '2024-02-24 14:00:00', 48),
(3, 3, '2024-02-24 18:00:00', 48),
(3, 4, '2024-02-24 10:00:00', 300),
(3, 4, '2024-02-24 14:00:00', 300),
(3, 4, '2024-02-24 18:00:00', 300),
(1, 1, '2024-02-25 10:00:00', 48),
(1, 1, '2024-02-25 14:00:00', 48),
(1, 1, '2024-02-25 18:00:00', 48),
(1, 2, '2024-02-25 10:00:00', 48),
(1, 2, '2024-02-25 14:00:00', 48),
(1, 2, '2024-02-25 18:00:00', 48),
(1, 3, '2024-02-25 10:00:00', 48),
(1, 3, '2024-02-25 14:00:00', 48),
(1, 3, '2024-02-25 18:00:00', 48),
(1, 4, '2024-02-25 10:00:00', 300),
(1, 4, '2024-02-25 14:00:00', 300),
(1, 4, '2024-02-25 18:00:00', 300),
(2, 1, '2024-02-25 10:00:00', 48),
(2, 1, '2024-02-25 14:00:00', 48),
(2, 1, '2024-02-25 18:00:00', 48),
(2, 2, '2024-02-25 10:00:00', 48),
(2, 2, '2024-02-25 14:00:00', 48),
(2, 2, '2024-02-25 18:00:00', 48),
(2, 3, '2024-02-25 10:00:00', 48),
(2, 3, '2024-02-25 14:00:00', 48),
(2, 3, '2024-02-25 18:00:00', 48),
(2, 4, '2024-02-25 10:00:00', 300),
(2, 4, '2024-02-25 14:00:00', 300),
(2, 4, '2024-02-25 18:00:00', 300),
(3, 1, '2024-02-25 10:00:00', 48),
(3, 1, '2024-02-25 14:00:00', 48),
(3, 1, '2024-02-25 18:00:00', 48),
(3, 2, '2024-02-25 10:00:00', 48),
(3, 2, '2024-02-25 14:00:00', 48),
(3, 2, '2024-02-25 18:00:00', 48),
(3, 3, '2024-02-25 10:00:00', 48),
(3, 3, '2024-02-25 14:00:00', 48),
(3, 3, '2024-02-25 18:00:00', 48),
(3, 4, '2024-02-25 10:00:00', 300),
(3, 4, '2024-02-25 14:00:00', 300),
(3, 4, '2024-02-25 18:00:00', 300),
(1, 1, '2024-02-26 10:00:00', 48),
(1, 1, '2024-02-26 14:00:00', 48),
(1, 1, '2024-02-26 18:00:00', 48),
(1, 2, '2024-02-26 10:00:00', 48),
(1, 2, '2024-02-26 14:00:00', 48),
(1, 2, '2024-02-26 18:00:00', 48),
(1, 3, '2024-02-26 10:00:00', 48),
(1, 3, '2024-02-26 14:00:00', 48),
(1, 3, '2024-02-26 18:00:00', 48),
(1, 4, '2024-02-26 10:00:00', 300),
(1, 4, '2024-02-26 14:00:00', 300),
(1, 4, '2024-02-26 18:00:00', 300),
(2, 1, '2024-02-26 10:00:00', 48),
(2, 1, '2024-02-26 14:00:00', 48),
(2, 1, '2024-02-26 18:00:00', 48),
(2, 2, '2024-02-26 10:00:00', 48),
(2, 2, '2024-02-26 14:00:00', 48),
(2, 2, '2024-02-26 18:00:00', 48),
(2, 3, '2024-02-26 10:00:00', 48),
(2, 3, '2024-02-26 14:00:00', 48),
(2, 3, '2024-02-26 18:00:00', 48),
(2, 4, '2024-02-26 10:00:00', 300),
(2, 4, '2024-02-26 14:00:00', 300),
(2, 4, '2024-02-26 18:00:00', 300),
(3, 1, '2024-02-26 10:00:00', 48),
(3, 1, '2024-02-26 14:00:00', 48),
(3, 1, '2024-02-26 18:00:00', 48),
(3, 2, '2024-02-26 10:00:00', 48),
(3, 2, '2024-02-26 14:00:00', 48),
(3, 2, '2024-02-26 18:00:00', 48),
(3, 3, '2024-02-26 10:00:00', 48),
(3, 3, '2024-02-26 14:00:00', 48),
(3, 3, '2024-02-26 18:00:00', 48),
(3, 4, '2024-02-26 10:00:00', 300),
(3, 4, '2024-02-26 14:00:00', 300),
(3, 4, '2024-02-26 18:00:00', 300),
(1, 1, '2024-02-27 10:00:00', 48),
(1, 1, '2024-02-27 14:00:00', 48),
(1, 1, '2024-02-27 18:00:00', 48),
(1, 2, '2024-02-27 10:00:00', 48),
(1, 2, '2024-02-27 14:00:00', 48),
(1, 2, '2024-02-27 18:00:00', 48),
(1, 3, '2024-02-27 10:00:00', 48),
(1, 3, '2024-02-27 14:00:00', 48),
(1, 3, '2024-02-27 18:00:00', 48),
(1, 4, '2024-02-27 10:00:00', 300),
(1, 4, '2024-02-27 14:00:00', 300),
(1, 4, '2024-02-27 18:00:00', 300),
(2, 1, '2024-02-27 10:00:00', 48),
(2, 1, '2024-02-27 14:00:00', 48),
(2, 1, '2024-02-27 18:00:00', 48),
(2, 2, '2024-02-27 10:00:00', 48),
(2, 2, '2024-02-27 14:00:00', 48),
(2, 2, '2024-02-27 18:00:00', 48),
(2, 3, '2024-02-27 10:00:00', 48),
(2, 3, '2024-02-27 14:00:00', 48),
(2, 3, '2024-02-27 18:00:00', 48),
(2, 4, '2024-02-27 10:00:00', 300),
(2, 4, '2024-02-27 14:00:00', 300),
(2, 4, '2024-02-27 18:00:00', 300),
(3, 1, '2024-02-27 10:00:00', 48),
(3, 1, '2024-02-27 14:00:00', 48),
(3, 1, '2024-02-27 18:00:00', 48),
(3, 2, '2024-02-27 10:00:00', 48),
(3, 2, '2024-02-27 14:00:00', 48),
(3, 2, '2024-02-27 18:00:00', 48),
(3, 3, '2024-02-27 10:00:00', 48),
(3, 3, '2024-02-27 14:00:00', 48),
(3, 3, '2024-02-27 18:00:00', 48),
(3, 4, '2024-02-27 10:00:00', 300),
(3, 4, '2024-02-27 14:00:00', 300),
(3, 4, '2024-02-27 18:00:00', 300),
(1, 1, '2024-02-28 10:00:00', 48),
(1, 1, '2024-02-28 14:00:00', 48),
(1, 1, '2024-02-28 18:00:00', 48),
(1, 2, '2024-02-28 10:00:00', 48),
(1, 2, '2024-02-28 14:00:00', 48),
(1, 2, '2024-02-28 18:00:00', 48),
(1, 3, '2024-02-28 10:00:00', 48),
(1, 3, '2024-02-28 14:00:00', 48),
(1, 3, '2024-02-28 18:00:00', 48),
(1, 4, '2024-02-28 10:00:00', 300),
(1, 4, '2024-02-28 14:00:00', 300),
(1, 4, '2024-02-28 18:00:00', 300),
(2, 1, '2024-02-28 10:00:00', 48),
(2, 1, '2024-02-28 14:00:00', 48),
(2, 1, '2024-02-28 18:00:00', 48),
(2, 2, '2024-02-28 10:00:00', 48),
(2, 2, '2024-02-28 14:00:00', 48),
(2, 2, '2024-02-28 18:00:00', 48),
(2, 3, '2024-02-28 10:00:00', 48),
(2, 3, '2024-02-28 14:00:00', 48),
(2, 3, '2024-02-28 18:00:00', 48),
(2, 4, '2024-02-28 10:00:00', 300),
(2, 4, '2024-02-28 14:00:00', 300),
(2, 4, '2024-02-28 18:00:00', 300),
(3, 1, '2024-02-28 10:00:00', 48),
(3, 1, '2024-02-28 14:00:00', 48),
(3, 1, '2024-02-28 18:00:00', 48),
(3, 2, '2024-02-28 10:00:00', 48),
(3, 2, '2024-02-28 14:00:00', 48),
(3, 2, '2024-02-28 18:00:00', 48),
(3, 3, '2024-02-28 10:00:00', 48),
(3, 3, '2024-02-28 14:00:00', 48),
(3, 3, '2024-02-28 18:00:00', 48),
(3, 4, '2024-02-28 10:00:00', 300),
(3, 4, '2024-02-28 14:00:00', 300),
(3, 4, '2024-02-28 18:00:00', 300),
(1, 1, '2024-02-29 10:00:00', 48),
(1, 1, '2024-02-29 14:00:00', 48),
(1, 1, '2024-02-29 18:00:00', 48),
(1, 2, '2024-02-29 10:00:00', 48),
(1, 2, '2024-02-29 14:00:00', 48),
(1, 2, '2024-02-29 18:00:00', 48),
(1, 3, '2024-02-29 10:00:00', 48),
(1, 3, '2024-02-29 14:00:00', 48),
(1, 3, '2024-02-29 18:00:00', 48),
(1, 4, '2024-02-29 10:00:00', 300),
(1, 4, '2024-02-29 14:00:00', 300),
(1, 4, '2024-02-29 18:00:00', 300),
(2, 1, '2024-02-29 10:00:00', 48),
(2, 1, '2024-02-29 14:00:00', 48),
(2, 1, '2024-02-29 18:00:00', 48),
(2, 2, '2024-02-29 10:00:00', 48),
(2, 2, '2024-02-29 14:00:00', 48),
(2, 2, '2024-02-29 18:00:00', 48),
(2, 3, '2024-02-29 10:00:00', 48),
(2, 3, '2024-02-29 14:00:00', 48),
(2, 3, '2024-02-29 18:00:00', 48),
(2, 4, '2024-02-29 10:00:00', 300),
(2, 4, '2024-02-29 14:00:00', 300),
(2, 4, '2024-02-29 18:00:00', 300),
(3, 1, '2024-02-29 10:00:00', 48),
(3, 1, '2024-02-29 14:00:00', 48),
(3, 1, '2024-02-29 18:00:00', 48),
(3, 2, '2024-02-29 10:00:00', 48),
(3, 2, '2024-02-29 14:00:00', 48),
(3, 2, '2024-02-29 18:00:00', 48),
(3, 3, '2024-02-29 10:00:00', 48),
(3, 3, '2024-02-29 14:00:00', 48),
(3, 3, '2024-02-29 18:00:00', 48),
(3, 4, '2024-02-29 10:00:00', 300),
(3, 4, '2024-02-29 14:00:00', 300),
(3, 4, '2024-02-29 18:00:00', 300),
(1, 1, '2024-03-01 10:00:00', 48),
(1, 1, '2024-03-01 14:00:00', 48),
(1, 1, '2024-03-01 18:00:00', 48),
(1, 2, '2024-03-01 10:00:00', 48),
(1, 2, '2024-03-01 14:00:00', 48),
(1, 2, '2024-03-01 18:00:00', 48),
(1, 3, '2024-03-01 10:00:00', 48),
(1, 3, '2024-03-01 14:00:00', 48),
(1, 3, '2024-03-01 18:00:00', 48),
(1, 4, '2024-03-01 10:00:00', 300),
(1, 4, '2024-03-01 14:00:00', 300),
(1, 4, '2024-03-01 18:00:00', 300),
(2, 1, '2024-03-01 10:00:00', 48),
(2, 1, '2024-03-01 14:00:00', 48),
(2, 1, '2024-03-01 18:00:00', 48),
(2, 2, '2024-03-01 10:00:00', 48),
(2, 2, '2024-03-01 14:00:00', 48),
(2, 2, '2024-03-01 18:00:00', 48),
(2, 3, '2024-03-01 10:00:00', 48),
(2, 3, '2024-03-01 14:00:00', 48),
(2, 3, '2024-03-01 18:00:00', 48),
(2, 4, '2024-03-01 10:00:00', 300),
(2, 4, '2024-03-01 14:00:00', 300),
(2, 4, '2024-03-01 18:00:00', 300),
(3, 1, '2024-03-01 10:00:00', 48),
(3, 1, '2024-03-01 14:00:00', 48),
(3, 1, '2024-03-01 18:00:00', 48),
(3, 2, '2024-03-01 10:00:00', 48),
(3, 2, '2024-03-01 14:00:00', 48),
(3, 2, '2024-03-01 18:00:00', 48),
(3, 3, '2024-03-01 10:00:00', 48),
(3, 3, '2024-03-01 14:00:00', 48),
(3, 3, '2024-03-01 18:00:00', 48),
(3, 4, '2024-03-01 10:00:00', 300),
(3, 4, '2024-03-01 14:00:00', 300),
(3, 4, '2024-03-01 18:00:00', 300),
(1, 1, '2024-03-02 10:00:00', 48),
(1, 1, '2024-03-02 14:00:00', 48),
(1, 1, '2024-03-02 18:00:00', 48),
(1, 2, '2024-03-02 10:00:00', 48),
(1, 2, '2024-03-02 14:00:00', 48),
(1, 2, '2024-03-02 18:00:00', 48),
(1, 3, '2024-03-02 10:00:00', 48),
(1, 3, '2024-03-02 14:00:00', 48),
(1, 3, '2024-03-02 18:00:00', 48),
(1, 4, '2024-03-02 10:00:00', 300),
(1, 4, '2024-03-02 14:00:00', 300),
(1, 4, '2024-03-02 18:00:00', 300),
(2, 1, '2024-03-02 10:00:00', 48),
(2, 1, '2024-03-02 14:00:00', 48),
(2, 1, '2024-03-02 18:00:00', 48),
(2, 2, '2024-03-02 10:00:00', 48),
(2, 2, '2024-03-02 14:00:00', 48),
(2, 2, '2024-03-02 18:00:00', 48),
(2, 3, '2024-03-02 10:00:00', 48),
(2, 3, '2024-03-02 14:00:00', 48),
(2, 3, '2024-03-02 18:00:00', 48),
(2, 4, '2024-03-02 10:00:00', 300),
(2, 4, '2024-03-02 14:00:00', 300),
(2, 4, '2024-03-02 18:00:00', 300),
(3, 1, '2024-03-02 10:00:00', 48),
(3, 1, '2024-03-02 14:00:00', 48),
(3, 1, '2024-03-02 18:00:00', 48),
(3, 2, '2024-03-02 10:00:00', 48),
(3, 2, '2024-03-02 14:00:00', 48),
(3, 2, '2024-03-02 18:00:00', 48),
(3, 3, '2024-03-02 10:00:00', 48),
(3, 3, '2024-03-02 14:00:00', 48),
(3, 3, '2024-03-02 18:00:00', 48),
(3, 4, '2024-03-02 10:00:00', 300),
(3, 4, '2024-03-02 14:00:00', 300),
(3, 4, '2024-03-02 18:00:00', 300),
(1, 1, '2024-03-03 10:00:00', 48),
(1, 1, '2024-03-03 14:00:00', 48),
(1, 1, '2024-03-03 18:00:00', 48),
(1, 2, '2024-03-03 10:00:00', 48),
(1, 2, '2024-03-03 14:00:00', 48),
(1, 2, '2024-03-03 18:00:00', 48),
(1, 3, '2024-03-03 10:00:00', 48),
(1, 3, '2024-03-03 14:00:00', 48),
(1, 3, '2024-03-03 18:00:00', 48),
(1, 4, '2024-03-03 10:00:00', 300),
(1, 4, '2024-03-03 14:00:00', 300),
(1, 4, '2024-03-03 18:00:00', 300),
(2, 1, '2024-03-03 10:00:00', 48),
(2, 1, '2024-03-03 14:00:00', 48),
(2, 1, '2024-03-03 18:00:00', 48),
(2, 2, '2024-03-03 10:00:00', 48),
(2, 2, '2024-03-03 14:00:00', 48),
(2, 2, '2024-03-03 18:00:00', 48),
(2, 3, '2024-03-03 10:00:00', 48),
(2, 3, '2024-03-03 14:00:00', 48),
(2, 3, '2024-03-03 18:00:00', 48),
(2, 4, '2024-03-03 10:00:00', 300),
(2, 4, '2024-03-03 14:00:00', 300),
(2, 4, '2024-03-03 18:00:00', 300),
(3, 1, '2024-03-03 10:00:00', 48),
(3, 1, '2024-03-03 14:00:00', 48),
(3, 1, '2024-03-03 18:00:00', 48),
(3, 2, '2024-03-03 10:00:00', 48),
(3, 2, '2024-03-03 14:00:00', 48),
(3, 2, '2024-03-03 18:00:00', 48),
(3, 3, '2024-03-03 10:00:00', 48),
(3, 3, '2024-03-03 14:00:00', 48),
(3, 3, '2024-03-03 18:00:00', 48),
(3, 4, '2024-03-03 10:00:00', 300),
(3, 4, '2024-03-03 14:00:00', 300),
(3, 4, '2024-03-03 18:00:00', 300),
(1, 1, '2024-03-04 10:00:00', 48),
(1, 1, '2024-03-04 14:00:00', 48),
(1, 1, '2024-03-04 18:00:00', 48),
(1, 2, '2024-03-04 10:00:00', 48),
(1, 2, '2024-03-04 14:00:00', 48),
(1, 2, '2024-03-04 18:00:00', 48),
(1, 3, '2024-03-04 10:00:00', 48),
(1, 3, '2024-03-04 14:00:00', 48),
(1, 3, '2024-03-04 18:00:00', 48),
(1, 4, '2024-03-04 10:00:00', 300),
(1, 4, '2024-03-04 14:00:00', 300),
(1, 4, '2024-03-04 18:00:00', 300),
(2, 1, '2024-03-04 10:00:00', 48),
(2, 1, '2024-03-04 14:00:00', 48),
(2, 1, '2024-03-04 18:00:00', 48),
(2, 2, '2024-03-04 10:00:00', 48),
(2, 2, '2024-03-04 14:00:00', 48),
(2, 2, '2024-03-04 18:00:00', 48),
(2, 3, '2024-03-04 10:00:00', 48),
(2, 3, '2024-03-04 14:00:00', 48),
(2, 3, '2024-03-04 18:00:00', 48),
(2, 4, '2024-03-04 10:00:00', 300),
(2, 4, '2024-03-04 14:00:00', 300),
(2, 4, '2024-03-04 18:00:00', 300),
(3, 1, '2024-03-04 10:00:00', 48),
(3, 1, '2024-03-04 14:00:00', 48),
(3, 1, '2024-03-04 18:00:00', 48),
(3, 2, '2024-03-04 10:00:00', 48),
(3, 2, '2024-03-04 14:00:00', 48),
(3, 2, '2024-03-04 18:00:00', 48),
(3, 3, '2024-03-04 10:00:00', 48),
(3, 3, '2024-03-04 14:00:00', 48),
(3, 3, '2024-03-04 18:00:00', 48),
(3, 4, '2024-03-04 10:00:00', 300),
(3, 4, '2024-03-04 14:00:00', 300),
(3, 4, '2024-03-04 18:00:00', 300),
(1, 1, '2024-03-05 10:00:00', 48),
(1, 1, '2024-03-05 14:00:00', 48),
(1, 1, '2024-03-05 18:00:00', 48),
(1, 2, '2024-03-05 10:00:00', 48),
(1, 2, '2024-03-05 14:00:00', 48),
(1, 2, '2024-03-05 18:00:00', 48),
(1, 3, '2024-03-05 10:00:00', 48),
(1, 3, '2024-03-05 14:00:00', 48),
(1, 3, '2024-03-05 18:00:00', 48),
(1, 4, '2024-03-05 10:00:00', 300),
(1, 4, '2024-03-05 14:00:00', 300),
(1, 4, '2024-03-05 18:00:00', 300),
(2, 1, '2024-03-05 10:00:00', 48),
(2, 1, '2024-03-05 14:00:00', 48),
(2, 1, '2024-03-05 18:00:00', 48),
(2, 2, '2024-03-05 10:00:00', 48),
(2, 2, '2024-03-05 14:00:00', 48),
(2, 2, '2024-03-05 18:00:00', 48),
(2, 3, '2024-03-05 10:00:00', 48),
(2, 3, '2024-03-05 14:00:00', 48),
(2, 3, '2024-03-05 18:00:00', 48),
(2, 4, '2024-03-05 10:00:00', 300),
(2, 4, '2024-03-05 14:00:00', 300),
(2, 4, '2024-03-05 18:00:00', 300),
(3, 1, '2024-03-05 10:00:00', 48),
(3, 1, '2024-03-05 14:00:00', 48),
(3, 1, '2024-03-05 18:00:00', 48),
(3, 2, '2024-03-05 10:00:00', 48),
(3, 2, '2024-03-05 14:00:00', 48),
(3, 2, '2024-03-05 18:00:00', 48),
(3, 3, '2024-03-05 10:00:00', 48),
(3, 3, '2024-03-05 14:00:00', 48),
(3, 3, '2024-03-05 18:00:00', 48),
(3, 4, '2024-03-05 10:00:00', 300),
(3, 4, '2024-03-05 14:00:00', 300),
(3, 4, '2024-03-05 18:00:00', 300),
(1, 1, '2024-03-06 10:00:00', 48),
(1, 1, '2024-03-06 14:00:00', 48),
(1, 1, '2024-03-06 18:00:00', 48),
(1, 2, '2024-03-06 10:00:00', 48),
(1, 2, '2024-03-06 14:00:00', 48),
(1, 2, '2024-03-06 18:00:00', 48),
(1, 3, '2024-03-06 10:00:00', 48),
(1, 3, '2024-03-06 14:00:00', 48),
(1, 3, '2024-03-06 18:00:00', 48),
(1, 4, '2024-03-06 10:00:00', 300),
(1, 4, '2024-03-06 14:00:00', 300),
(1, 4, '2024-03-06 18:00:00', 300),
(2, 1, '2024-03-06 10:00:00', 48),
(2, 1, '2024-03-06 14:00:00', 48),
(2, 1, '2024-03-06 18:00:00', 48),
(2, 2, '2024-03-06 10:00:00', 48),
(2, 2, '2024-03-06 14:00:00', 48),
(2, 2, '2024-03-06 18:00:00', 48),
(2, 3, '2024-03-06 10:00:00', 48),
(2, 3, '2024-03-06 14:00:00', 48),
(2, 3, '2024-03-06 18:00:00', 48),
(2, 4, '2024-03-06 10:00:00', 300),
(2, 4, '2024-03-06 14:00:00', 300),
(2, 4, '2024-03-06 18:00:00', 300),
(3, 1, '2024-03-06 10:00:00', 48),
(3, 1, '2024-03-06 14:00:00', 48),
(3, 1, '2024-03-06 18:00:00', 48),
(3, 2, '2024-03-06 10:00:00', 48),
(3, 2, '2024-03-06 14:00:00', 48),
(3, 2, '2024-03-06 18:00:00', 48),
(3, 3, '2024-03-06 10:00:00', 48),
(3, 3, '2024-03-06 14:00:00', 48),
(3, 3, '2024-03-06 18:00:00', 48),
(3, 4, '2024-03-06 10:00:00', 300),
(3, 4, '2024-03-06 14:00:00', 300),
(3, 4, '2024-03-06 18:00:00', 300),
(1, 1, '2024-03-07 10:00:00', 48),
(1, 1, '2024-03-07 14:00:00', 48),
(1, 1, '2024-03-07 18:00:00', 48),
(1, 2, '2024-03-07 10:00:00', 48),
(1, 2, '2024-03-07 14:00:00', 48),
(1, 2, '2024-03-07 18:00:00', 48),
(1, 3, '2024-03-07 10:00:00', 48),
(1, 3, '2024-03-07 14:00:00', 48),
(1, 3, '2024-03-07 18:00:00', 48),
(1, 4, '2024-03-07 10:00:00', 300),
(1, 4, '2024-03-07 14:00:00', 300),
(1, 4, '2024-03-07 18:00:00', 300),
(2, 1, '2024-03-07 10:00:00', 48),
(2, 1, '2024-03-07 14:00:00', 48),
(2, 1, '2024-03-07 18:00:00', 48),
(2, 2, '2024-03-07 10:00:00', 48),
(2, 2, '2024-03-07 14:00:00', 48),
(2, 2, '2024-03-07 18:00:00', 48),
(2, 3, '2024-03-07 10:00:00', 48),
(2, 3, '2024-03-07 14:00:00', 48),
(2, 3, '2024-03-07 18:00:00', 48),
(2, 4, '2024-03-07 10:00:00', 300),
(2, 4, '2024-03-07 14:00:00', 300),
(2, 4, '2024-03-07 18:00:00', 300),
(3, 1, '2024-03-07 10:00:00', 48),
(3, 1, '2024-03-07 14:00:00', 48),
(3, 1, '2024-03-07 18:00:00', 48),
(3, 2, '2024-03-07 10:00:00', 48),
(3, 2, '2024-03-07 14:00:00', 48),
(3, 2, '2024-03-07 18:00:00', 48),
(3, 3, '2024-03-07 10:00:00', 48),
(3, 3, '2024-03-07 14:00:00', 48),
(3, 3, '2024-03-07 18:00:00', 48),
(3, 4, '2024-03-07 10:00:00', 300),
(3, 4, '2024-03-07 14:00:00', 300),
(3, 4, '2024-03-07 18:00:00', 300),
(1, 1, '2024-03-08 10:00:00', 48),
(1, 1, '2024-03-08 14:00:00', 48),
(1, 1, '2024-03-08 18:00:00', 48),
(1, 2, '2024-03-08 10:00:00', 48),
(1, 2, '2024-03-08 14:00:00', 48),
(1, 2, '2024-03-08 18:00:00', 48),
(1, 3, '2024-03-08 10:00:00', 48),
(1, 3, '2024-03-08 14:00:00', 48),
(1, 3, '2024-03-08 18:00:00', 48),
(1, 4, '2024-03-08 10:00:00', 300),
(1, 4, '2024-03-08 14:00:00', 300),
(1, 4, '2024-03-08 18:00:00', 300),
(2, 1, '2024-03-08 10:00:00', 48),
(2, 1, '2024-03-08 14:00:00', 48),
(2, 1, '2024-03-08 18:00:00', 48),
(2, 2, '2024-03-08 10:00:00', 48),
(2, 2, '2024-03-08 14:00:00', 48),
(2, 2, '2024-03-08 18:00:00', 48),
(2, 3, '2024-03-08 10:00:00', 48),
(2, 3, '2024-03-08 14:00:00', 48),
(2, 3, '2024-03-08 18:00:00', 48),
(2, 4, '2024-03-08 10:00:00', 300),
(2, 4, '2024-03-08 14:00:00', 300),
(2, 4, '2024-03-08 18:00:00', 300),
(3, 1, '2024-03-08 10:00:00', 48),
(3, 1, '2024-03-08 14:00:00', 48),
(3, 1, '2024-03-08 18:00:00', 48),
(3, 2, '2024-03-08 10:00:00', 48),
(3, 2, '2024-03-08 14:00:00', 48),
(3, 2, '2024-03-08 18:00:00', 48),
(3, 3, '2024-03-08 10:00:00', 48),
(3, 3, '2024-03-08 14:00:00', 48),
(3, 3, '2024-03-08 18:00:00', 48),
(3, 4, '2024-03-08 10:00:00', 300),
(3, 4, '2024-03-08 14:00:00', 300),
(3, 4, '2024-03-08 18:00:00', 300),
(1, 1, '2024-03-09 10:00:00', 48),
(1, 1, '2024-03-09 14:00:00', 48),
(1, 1, '2024-03-09 18:00:00', 48),
(1, 2, '2024-03-09 10:00:00', 48),
(1, 2, '2024-03-09 14:00:00', 48),
(1, 2, '2024-03-09 18:00:00', 48),
(1, 3, '2024-03-09 10:00:00', 48),
(1, 3, '2024-03-09 14:00:00', 48),
(1, 3, '2024-03-09 18:00:00', 48),
(1, 4, '2024-03-09 10:00:00', 300),
(1, 4, '2024-03-09 14:00:00', 300),
(1, 4, '2024-03-09 18:00:00', 300),
(2, 1, '2024-03-09 10:00:00', 48),
(2, 1, '2024-03-09 14:00:00', 48),
(2, 1, '2024-03-09 18:00:00', 48),
(2, 2, '2024-03-09 10:00:00', 48),
(2, 2, '2024-03-09 14:00:00', 48),
(2, 2, '2024-03-09 18:00:00', 48),
(2, 3, '2024-03-09 10:00:00', 48),
(2, 3, '2024-03-09 14:00:00', 48),
(2, 3, '2024-03-09 18:00:00', 48),
(2, 4, '2024-03-09 10:00:00', 300),
(2, 4, '2024-03-09 14:00:00', 300),
(2, 4, '2024-03-09 18:00:00', 300),
(3, 1, '2024-03-09 10:00:00', 48),
(3, 1, '2024-03-09 14:00:00', 48),
(3, 1, '2024-03-09 18:00:00', 48),
(3, 2, '2024-03-09 10:00:00', 48),
(3, 2, '2024-03-09 14:00:00', 48),
(3, 2, '2024-03-09 18:00:00', 48),
(3, 3, '2024-03-09 10:00:00', 48),
(3, 3, '2024-03-09 14:00:00', 48),
(3, 3, '2024-03-09 18:00:00', 48),
(3, 4, '2024-03-09 10:00:00', 300),
(3, 4, '2024-03-09 14:00:00', 300),
(3, 4, '2024-03-09 18:00:00', 300),
(1, 1, '2024-03-10 10:00:00', 48),
(1, 1, '2024-03-10 14:00:00', 48),
(1, 1, '2024-03-10 18:00:00', 48),
(1, 2, '2024-03-10 10:00:00', 48),
(1, 2, '2024-03-10 14:00:00', 48),
(1, 2, '2024-03-10 18:00:00', 48),
(1, 3, '2024-03-10 10:00:00', 48),
(1, 3, '2024-03-10 14:00:00', 48),
(1, 3, '2024-03-10 18:00:00', 48),
(1, 4, '2024-03-10 10:00:00', 300),
(1, 4, '2024-03-10 14:00:00', 300),
(1, 4, '2024-03-10 18:00:00', 300),
(2, 1, '2024-03-10 10:00:00', 48),
(2, 1, '2024-03-10 14:00:00', 48),
(2, 1, '2024-03-10 18:00:00', 48),
(2, 2, '2024-03-10 10:00:00', 48),
(2, 2, '2024-03-10 14:00:00', 48),
(2, 2, '2024-03-10 18:00:00', 48),
(2, 3, '2024-03-10 10:00:00', 48),
(2, 3, '2024-03-10 14:00:00', 48),
(2, 3, '2024-03-10 18:00:00', 48),
(2, 4, '2024-03-10 10:00:00', 300),
(2, 4, '2024-03-10 14:00:00', 300),
(2, 4, '2024-03-10 18:00:00', 300),
(3, 1, '2024-03-10 10:00:00', 48),
(3, 1, '2024-03-10 14:00:00', 48),
(3, 1, '2024-03-10 18:00:00', 48),
(3, 2, '2024-03-10 10:00:00', 48),
(3, 2, '2024-03-10 14:00:00', 48),
(3, 2, '2024-03-10 18:00:00', 48),
(3, 3, '2024-03-10 10:00:00', 48),
(3, 3, '2024-03-10 14:00:00', 48),
(3, 3, '2024-03-10 18:00:00', 48),
(3, 4, '2024-03-10 10:00:00', 300),
(3, 4, '2024-03-10 14:00:00', 300),
(3, 4, '2024-03-10 18:00:00', 300),
(1, 1, '2024-03-11 10:00:00', 48),
(1, 1, '2024-03-11 14:00:00', 48),
(1, 1, '2024-03-11 18:00:00', 48),
(1, 2, '2024-03-11 10:00:00', 48),
(1, 2, '2024-03-11 14:00:00', 48),
(1, 2, '2024-03-11 18:00:00', 48),
(1, 3, '2024-03-11 10:00:00', 48),
(1, 3, '2024-03-11 14:00:00', 48),
(1, 3, '2024-03-11 18:00:00', 48),
(1, 4, '2024-03-11 10:00:00', 300),
(1, 4, '2024-03-11 14:00:00', 300),
(1, 4, '2024-03-11 18:00:00', 300),
(2, 1, '2024-03-11 10:00:00', 48),
(2, 1, '2024-03-11 14:00:00', 48),
(2, 1, '2024-03-11 18:00:00', 48),
(2, 2, '2024-03-11 10:00:00', 48),
(2, 2, '2024-03-11 14:00:00', 48),
(2, 2, '2024-03-11 18:00:00', 48),
(2, 3, '2024-03-11 10:00:00', 48),
(2, 3, '2024-03-11 14:00:00', 48),
(2, 3, '2024-03-11 18:00:00', 48),
(2, 4, '2024-03-11 10:00:00', 300),
(2, 4, '2024-03-11 14:00:00', 300),
(2, 4, '2024-03-11 18:00:00', 300),
(3, 1, '2024-03-11 10:00:00', 48),
(3, 1, '2024-03-11 14:00:00', 48),
(3, 1, '2024-03-11 18:00:00', 48),
(3, 2, '2024-03-11 10:00:00', 48),
(3, 2, '2024-03-11 14:00:00', 48),
(3, 2, '2024-03-11 18:00:00', 48),
(3, 3, '2024-03-11 10:00:00', 48),
(3, 3, '2024-03-11 14:00:00', 48),
(3, 3, '2024-03-11 18:00:00', 48),
(3, 4, '2024-03-11 10:00:00', 300),
(3, 4, '2024-03-11 14:00:00', 300),
(3, 4, '2024-03-11 18:00:00', 300),
(1, 1, '2024-03-12 10:00:00', 48),
(1, 1, '2024-03-12 14:00:00', 48),
(1, 1, '2024-03-12 18:00:00', 48),
(1, 2, '2024-03-12 10:00:00', 48),
(1, 2, '2024-03-12 14:00:00', 48),
(1, 2, '2024-03-12 18:00:00', 48),
(1, 3, '2024-03-12 10:00:00', 48),
(1, 3, '2024-03-12 14:00:00', 48),
(1, 3, '2024-03-12 18:00:00', 48),
(1, 4, '2024-03-12 10:00:00', 300),
(1, 4, '2024-03-12 14:00:00', 300),
(1, 4, '2024-03-12 18:00:00', 300),
(2, 1, '2024-03-12 10:00:00', 48),
(2, 1, '2024-03-12 14:00:00', 48),
(2, 1, '2024-03-12 18:00:00', 48),
(2, 2, '2024-03-12 10:00:00', 48),
(2, 2, '2024-03-12 14:00:00', 48),
(2, 2, '2024-03-12 18:00:00', 48),
(2, 3, '2024-03-12 10:00:00', 48),
(2, 3, '2024-03-12 14:00:00', 48),
(2, 3, '2024-03-12 18:00:00', 48),
(2, 4, '2024-03-12 10:00:00', 300),
(2, 4, '2024-03-12 14:00:00', 300),
(2, 4, '2024-03-12 18:00:00', 300),
(3, 1, '2024-03-12 10:00:00', 48),
(3, 1, '2024-03-12 14:00:00', 48),
(3, 1, '2024-03-12 18:00:00', 48),
(3, 2, '2024-03-12 10:00:00', 48),
(3, 2, '2024-03-12 14:00:00', 48),
(3, 2, '2024-03-12 18:00:00', 48),
(3, 3, '2024-03-12 10:00:00', 48),
(3, 3, '2024-03-12 14:00:00', 48),
(3, 3, '2024-03-12 18:00:00', 48),
(3, 4, '2024-03-12 10:00:00', 300),
(3, 4, '2024-03-12 14:00:00', 300),
(3, 4, '2024-03-12 18:00:00', 300),
(1, 1, '2024-03-13 10:00:00', 48),
(1, 1, '2024-03-13 14:00:00', 48),
(1, 1, '2024-03-13 18:00:00', 48),
(1, 2, '2024-03-13 10:00:00', 48),
(1, 2, '2024-03-13 14:00:00', 48),
(1, 2, '2024-03-13 18:00:00', 48),
(1, 3, '2024-03-13 10:00:00', 48),
(1, 3, '2024-03-13 14:00:00', 48),
(1, 3, '2024-03-13 18:00:00', 48),
(1, 4, '2024-03-13 10:00:00', 300),
(1, 4, '2024-03-13 14:00:00', 300),
(1, 4, '2024-03-13 18:00:00', 300),
(2, 1, '2024-03-13 10:00:00', 48),
(2, 1, '2024-03-13 14:00:00', 48),
(2, 1, '2024-03-13 18:00:00', 48),
(2, 2, '2024-03-13 10:00:00', 48),
(2, 2, '2024-03-13 14:00:00', 48),
(2, 2, '2024-03-13 18:00:00', 48),
(2, 3, '2024-03-13 10:00:00', 48),
(2, 3, '2024-03-13 14:00:00', 48),
(2, 3, '2024-03-13 18:00:00', 48),
(2, 4, '2024-03-13 10:00:00', 300),
(2, 4, '2024-03-13 14:00:00', 300),
(2, 4, '2024-03-13 18:00:00', 300),
(3, 1, '2024-03-13 10:00:00', 48),
(3, 1, '2024-03-13 14:00:00', 48),
(3, 1, '2024-03-13 18:00:00', 48),
(3, 2, '2024-03-13 10:00:00', 48),
(3, 2, '2024-03-13 14:00:00', 48),
(3, 2, '2024-03-13 18:00:00', 48),
(3, 3, '2024-03-13 10:00:00', 48),
(3, 3, '2024-03-13 14:00:00', 48),
(3, 3, '2024-03-13 18:00:00', 48),
(3, 4, '2024-03-13 10:00:00', 300),
(3, 4, '2024-03-13 14:00:00', 300),
(3, 4, '2024-03-13 18:00:00', 300),
(1, 1, '2024-03-14 10:00:00', 48),
(1, 1, '2024-03-14 14:00:00', 48),
(1, 1, '2024-03-14 18:00:00', 48),
(1, 2, '2024-03-14 10:00:00', 48),
(1, 2, '2024-03-14 14:00:00', 48),
(1, 2, '2024-03-14 18:00:00', 48),
(1, 3, '2024-03-14 10:00:00', 48),
(1, 3, '2024-03-14 14:00:00', 48),
(1, 3, '2024-03-14 18:00:00', 48),
(1, 4, '2024-03-14 10:00:00', 300),
(1, 4, '2024-03-14 14:00:00', 300),
(1, 4, '2024-03-14 18:00:00', 300),
(2, 1, '2024-03-14 10:00:00', 48),
(2, 1, '2024-03-14 14:00:00', 48),
(2, 1, '2024-03-14 18:00:00', 48),
(2, 2, '2024-03-14 10:00:00', 48),
(2, 2, '2024-03-14 14:00:00', 48),
(2, 2, '2024-03-14 18:00:00', 48),
(2, 3, '2024-03-14 10:00:00', 48),
(2, 3, '2024-03-14 14:00:00', 48),
(2, 3, '2024-03-14 18:00:00', 48),
(2, 4, '2024-03-14 10:00:00', 300),
(2, 4, '2024-03-14 14:00:00', 300),
(2, 4, '2024-03-14 18:00:00', 300),
(3, 1, '2024-03-14 10:00:00', 48),
(3, 1, '2024-03-14 14:00:00', 48),
(3, 1, '2024-03-14 18:00:00', 48),
(3, 2, '2024-03-14 10:00:00', 48),
(3, 2, '2024-03-14 14:00:00', 48),
(3, 2, '2024-03-14 18:00:00', 48),
(3, 3, '2024-03-14 10:00:00', 48),
(3, 3, '2024-03-14 14:00:00', 48),
(3, 3, '2024-03-14 18:00:00', 48),
(3, 4, '2024-03-14 10:00:00', 300),
(3, 4, '2024-03-14 14:00:00', 300),
(3, 4, '2024-03-14 18:00:00', 300),
(1, 1, '2024-03-15 10:00:00', 48),
(1, 1, '2024-03-15 14:00:00', 48),
(1, 1, '2024-03-15 18:00:00', 48),
(1, 2, '2024-03-15 10:00:00', 48),
(1, 2, '2024-03-15 14:00:00', 48),
(1, 2, '2024-03-15 18:00:00', 48),
(1, 3, '2024-03-15 10:00:00', 48),
(1, 3, '2024-03-15 14:00:00', 48),
(1, 3, '2024-03-15 18:00:00', 48),
(1, 4, '2024-03-15 10:00:00', 300),
(1, 4, '2024-03-15 14:00:00', 300),
(1, 4, '2024-03-15 18:00:00', 300),
(2, 1, '2024-03-15 10:00:00', 48),
(2, 1, '2024-03-15 14:00:00', 48),
(2, 1, '2024-03-15 18:00:00', 48),
(2, 2, '2024-03-15 10:00:00', 48),
(2, 2, '2024-03-15 14:00:00', 48),
(2, 2, '2024-03-15 18:00:00', 48),
(2, 3, '2024-03-15 10:00:00', 48),
(2, 3, '2024-03-15 14:00:00', 48),
(2, 3, '2024-03-15 18:00:00', 48),
(2, 4, '2024-03-15 10:00:00', 300),
(2, 4, '2024-03-15 14:00:00', 300),
(2, 4, '2024-03-15 18:00:00', 300),
(3, 1, '2024-03-15 10:00:00', 48),
(3, 1, '2024-03-15 14:00:00', 48),
(3, 1, '2024-03-15 18:00:00', 48),
(3, 2, '2024-03-15 10:00:00', 48),
(3, 2, '2024-03-15 14:00:00', 48),
(3, 2, '2024-03-15 18:00:00', 48),
(3, 3, '2024-03-15 10:00:00', 48),
(3, 3, '2024-03-15 14:00:00', 48),
(3, 3, '2024-03-15 18:00:00', 48),
(3, 4, '2024-03-15 10:00:00', 300),
(3, 4, '2024-03-15 14:00:00', 300),
(3, 4, '2024-03-15 18:00:00', 300),
(1, 1, '2024-03-16 10:00:00', 48),
(1, 1, '2024-03-16 14:00:00', 48),
(1, 1, '2024-03-16 18:00:00', 48),
(1, 2, '2024-03-16 10:00:00', 48),
(1, 2, '2024-03-16 14:00:00', 48),
(1, 2, '2024-03-16 18:00:00', 48),
(1, 3, '2024-03-16 10:00:00', 48),
(1, 3, '2024-03-16 14:00:00', 48),
(1, 3, '2024-03-16 18:00:00', 48),
(1, 4, '2024-03-16 10:00:00', 300),
(1, 4, '2024-03-16 14:00:00', 300),
(1, 4, '2024-03-16 18:00:00', 300),
(2, 1, '2024-03-16 10:00:00', 48),
(2, 1, '2024-03-16 14:00:00', 48),
(2, 1, '2024-03-16 18:00:00', 48),
(2, 2, '2024-03-16 10:00:00', 48),
(2, 2, '2024-03-16 14:00:00', 48),
(2, 2, '2024-03-16 18:00:00', 48),
(2, 3, '2024-03-16 10:00:00', 48),
(2, 3, '2024-03-16 14:00:00', 48),
(2, 3, '2024-03-16 18:00:00', 48),
(2, 4, '2024-03-16 10:00:00', 300),
(2, 4, '2024-03-16 14:00:00', 300),
(2, 4, '2024-03-16 18:00:00', 300),
(3, 1, '2024-03-16 10:00:00', 48),
(3, 1, '2024-03-16 14:00:00', 48),
(3, 1, '2024-03-16 18:00:00', 48),
(3, 2, '2024-03-16 10:00:00', 48),
(3, 2, '2024-03-16 14:00:00', 48),
(3, 2, '2024-03-16 18:00:00', 48),
(3, 3, '2024-03-16 10:00:00', 48),
(3, 3, '2024-03-16 14:00:00', 48),
(3, 3, '2024-03-16 18:00:00', 48),
(3, 4, '2024-03-16 10:00:00', 300),
(3, 4, '2024-03-16 14:00:00', 300),
(3, 4, '2024-03-16 18:00:00', 300),
(1, 1, '2024-03-17 10:00:00', 48),
(1, 1, '2024-03-17 14:00:00', 48),
(1, 1, '2024-03-17 18:00:00', 48),
(1, 2, '2024-03-17 10:00:00', 48),
(1, 2, '2024-03-17 14:00:00', 48),
(1, 2, '2024-03-17 18:00:00', 48),
(1, 3, '2024-03-17 10:00:00', 48),
(1, 3, '2024-03-17 14:00:00', 48),
(1, 3, '2024-03-17 18:00:00', 48),
(1, 4, '2024-03-17 10:00:00', 300),
(1, 4, '2024-03-17 14:00:00', 300),
(1, 4, '2024-03-17 18:00:00', 300),
(2, 1, '2024-03-17 10:00:00', 48),
(2, 1, '2024-03-17 14:00:00', 48),
(2, 1, '2024-03-17 18:00:00', 48),
(2, 2, '2024-03-17 10:00:00', 48),
(2, 2, '2024-03-17 14:00:00', 48),
(2, 2, '2024-03-17 18:00:00', 48),
(2, 3, '2024-03-17 10:00:00', 48),
(2, 3, '2024-03-17 14:00:00', 48),
(2, 3, '2024-03-17 18:00:00', 48),
(2, 4, '2024-03-17 10:00:00', 300),
(2, 4, '2024-03-17 14:00:00', 300),
(2, 4, '2024-03-17 18:00:00', 300),
(3, 1, '2024-03-17 10:00:00', 48),
(3, 1, '2024-03-17 14:00:00', 48),
(3, 1, '2024-03-17 18:00:00', 48),
(3, 2, '2024-03-17 10:00:00', 48),
(3, 2, '2024-03-17 14:00:00', 48),
(3, 2, '2024-03-17 18:00:00', 48),
(3, 3, '2024-03-17 10:00:00', 48),
(3, 3, '2024-03-17 14:00:00', 48),
(3, 3, '2024-03-17 18:00:00', 48),
(3, 4, '2024-03-17 10:00:00', 300),
(3, 4, '2024-03-17 14:00:00', 300),
(3, 4, '2024-03-17 18:00:00', 300),
(1, 1, '2024-03-18 10:00:00', 48),
(1, 1, '2024-03-18 14:00:00', 48),
(1, 1, '2024-03-18 18:00:00', 48),
(1, 2, '2024-03-18 10:00:00', 48),
(1, 2, '2024-03-18 14:00:00', 48),
(1, 2, '2024-03-18 18:00:00', 48),
(1, 3, '2024-03-18 10:00:00', 48),
(1, 3, '2024-03-18 14:00:00', 48),
(1, 3, '2024-03-18 18:00:00', 48),
(1, 4, '2024-03-18 10:00:00', 300),
(1, 4, '2024-03-18 14:00:00', 300),
(1, 4, '2024-03-18 18:00:00', 300),
(2, 1, '2024-03-18 10:00:00', 48),
(2, 1, '2024-03-18 14:00:00', 48),
(2, 1, '2024-03-18 18:00:00', 48),
(2, 2, '2024-03-18 10:00:00', 48),
(2, 2, '2024-03-18 14:00:00', 48),
(2, 2, '2024-03-18 18:00:00', 48),
(2, 3, '2024-03-18 10:00:00', 48),
(2, 3, '2024-03-18 14:00:00', 48),
(2, 3, '2024-03-18 18:00:00', 48),
(2, 4, '2024-03-18 10:00:00', 300),
(2, 4, '2024-03-18 14:00:00', 300),
(2, 4, '2024-03-18 18:00:00', 300),
(3, 1, '2024-03-18 10:00:00', 48),
(3, 1, '2024-03-18 14:00:00', 48),
(3, 1, '2024-03-18 18:00:00', 48),
(3, 2, '2024-03-18 10:00:00', 48),
(3, 2, '2024-03-18 14:00:00', 48),
(3, 2, '2024-03-18 18:00:00', 48),
(3, 3, '2024-03-18 10:00:00', 48),
(3, 3, '2024-03-18 14:00:00', 48),
(3, 3, '2024-03-18 18:00:00', 48),
(3, 4, '2024-03-18 10:00:00', 300),
(3, 4, '2024-03-18 14:00:00', 300),
(3, 4, '2024-03-18 18:00:00', 300),
(1, 1, '2024-03-19 10:00:00', 48),
(1, 1, '2024-03-19 14:00:00', 48),
(1, 1, '2024-03-19 18:00:00', 48),
(1, 2, '2024-03-19 10:00:00', 48),
(1, 2, '2024-03-19 14:00:00', 48),
(1, 2, '2024-03-19 18:00:00', 48),
(1, 3, '2024-03-19 10:00:00', 48),
(1, 3, '2024-03-19 14:00:00', 48),
(1, 3, '2024-03-19 18:00:00', 48),
(1, 4, '2024-03-19 10:00:00', 300),
(1, 4, '2024-03-19 14:00:00', 300),
(1, 4, '2024-03-19 18:00:00', 300),
(2, 1, '2024-03-19 10:00:00', 48),
(2, 1, '2024-03-19 14:00:00', 48),
(2, 1, '2024-03-19 18:00:00', 48),
(2, 2, '2024-03-19 10:00:00', 48),
(2, 2, '2024-03-19 14:00:00', 48),
(2, 2, '2024-03-19 18:00:00', 48),
(2, 3, '2024-03-19 10:00:00', 48),
(2, 3, '2024-03-19 14:00:00', 48),
(2, 3, '2024-03-19 18:00:00', 48),
(2, 4, '2024-03-19 10:00:00', 300),
(2, 4, '2024-03-19 14:00:00', 300),
(2, 4, '2024-03-19 18:00:00', 300),
(3, 1, '2024-03-19 10:00:00', 48),
(3, 1, '2024-03-19 14:00:00', 48),
(3, 1, '2024-03-19 18:00:00', 48),
(3, 2, '2024-03-19 10:00:00', 48),
(3, 2, '2024-03-19 14:00:00', 48),
(3, 2, '2024-03-19 18:00:00', 48),
(3, 3, '2024-03-19 10:00:00', 48),
(3, 3, '2024-03-19 14:00:00', 48),
(3, 3, '2024-03-19 18:00:00', 48),
(3, 4, '2024-03-19 10:00:00', 300),
(3, 4, '2024-03-19 14:00:00', 300),
(3, 4, '2024-03-19 18:00:00', 300),
(1, 1, '2024-03-20 10:00:00', 48),
(1, 1, '2024-03-20 14:00:00', 48),
(1, 1, '2024-03-20 18:00:00', 48),
(1, 2, '2024-03-20 10:00:00', 48),
(1, 2, '2024-03-20 14:00:00', 48),
(1, 2, '2024-03-20 18:00:00', 48),
(1, 3, '2024-03-20 10:00:00', 48),
(1, 3, '2024-03-20 14:00:00', 48),
(1, 3, '2024-03-20 18:00:00', 48),
(1, 4, '2024-03-20 10:00:00', 300),
(1, 4, '2024-03-20 14:00:00', 300),
(1, 4, '2024-03-20 18:00:00', 300),
(2, 1, '2024-03-20 10:00:00', 48),
(2, 1, '2024-03-20 14:00:00', 48),
(2, 1, '2024-03-20 18:00:00', 48),
(2, 2, '2024-03-20 10:00:00', 48),
(2, 2, '2024-03-20 14:00:00', 48),
(2, 2, '2024-03-20 18:00:00', 48),
(2, 3, '2024-03-20 10:00:00', 48),
(2, 3, '2024-03-20 14:00:00', 48),
(2, 3, '2024-03-20 18:00:00', 48),
(2, 4, '2024-03-20 10:00:00', 300),
(2, 4, '2024-03-20 14:00:00', 300),
(2, 4, '2024-03-20 18:00:00', 300),
(3, 1, '2024-03-20 10:00:00', 48),
(3, 1, '2024-03-20 14:00:00', 48),
(3, 1, '2024-03-20 18:00:00', 48),
(3, 2, '2024-03-20 10:00:00', 48),
(3, 2, '2024-03-20 14:00:00', 48),
(3, 2, '2024-03-20 18:00:00', 48),
(3, 3, '2024-03-20 10:00:00', 48),
(3, 3, '2024-03-20 14:00:00', 48),
(3, 3, '2024-03-20 18:00:00', 48),
(3, 4, '2024-03-20 10:00:00', 300),
(3, 4, '2024-03-20 14:00:00', 300),
(3, 4, '2024-03-20 18:00:00', 300),
(1, 1, '2024-03-21 10:00:00', 48),
(1, 1, '2024-03-21 14:00:00', 48),
(1, 1, '2024-03-21 18:00:00', 48),
(1, 2, '2024-03-21 10:00:00', 48),
(1, 2, '2024-03-21 14:00:00', 48),
(1, 2, '2024-03-21 18:00:00', 48),
(1, 3, '2024-03-21 10:00:00', 48),
(1, 3, '2024-03-21 14:00:00', 48),
(1, 3, '2024-03-21 18:00:00', 48),
(1, 4, '2024-03-21 10:00:00', 300),
(1, 4, '2024-03-21 14:00:00', 300),
(1, 4, '2024-03-21 18:00:00', 300),
(2, 1, '2024-03-21 10:00:00', 48),
(2, 1, '2024-03-21 14:00:00', 48),
(2, 1, '2024-03-21 18:00:00', 48),
(2, 2, '2024-03-21 10:00:00', 48),
(2, 2, '2024-03-21 14:00:00', 48),
(2, 2, '2024-03-21 18:00:00', 48),
(2, 3, '2024-03-21 10:00:00', 48),
(2, 3, '2024-03-21 14:00:00', 48),
(2, 3, '2024-03-21 18:00:00', 48),
(2, 4, '2024-03-21 10:00:00', 300),
(2, 4, '2024-03-21 14:00:00', 300),
(2, 4, '2024-03-21 18:00:00', 300),
(3, 1, '2024-03-21 10:00:00', 48),
(3, 1, '2024-03-21 14:00:00', 48),
(3, 1, '2024-03-21 18:00:00', 48),
(3, 2, '2024-03-21 10:00:00', 48),
(3, 2, '2024-03-21 14:00:00', 48),
(3, 2, '2024-03-21 18:00:00', 48),
(3, 3, '2024-03-21 10:00:00', 48),
(3, 3, '2024-03-21 14:00:00', 48),
(3, 3, '2024-03-21 18:00:00', 48),
(3, 4, '2024-03-21 10:00:00', 300),
(3, 4, '2024-03-21 14:00:00', 300),
(3, 4, '2024-03-21 18:00:00', 300),
(1, 1, '2024-03-22 10:00:00', 48),
(1, 1, '2024-03-22 14:00:00', 48),
(1, 1, '2024-03-22 18:00:00', 48),
(1, 2, '2024-03-22 10:00:00', 48),
(1, 2, '2024-03-22 14:00:00', 48),
(1, 2, '2024-03-22 18:00:00', 48),
(1, 3, '2024-03-22 10:00:00', 48),
(1, 3, '2024-03-22 14:00:00', 48),
(1, 3, '2024-03-22 18:00:00', 48),
(1, 4, '2024-03-22 10:00:00', 300),
(1, 4, '2024-03-22 14:00:00', 300),
(1, 4, '2024-03-22 18:00:00', 300),
(2, 1, '2024-03-22 10:00:00', 48),
(2, 1, '2024-03-22 14:00:00', 48),
(2, 1, '2024-03-22 18:00:00', 48),
(2, 2, '2024-03-22 10:00:00', 48),
(2, 2, '2024-03-22 14:00:00', 48),
(2, 2, '2024-03-22 18:00:00', 48),
(2, 3, '2024-03-22 10:00:00', 48),
(2, 3, '2024-03-22 14:00:00', 48),
(2, 3, '2024-03-22 18:00:00', 48),
(2, 4, '2024-03-22 10:00:00', 300),
(2, 4, '2024-03-22 14:00:00', 300),
(2, 4, '2024-03-22 18:00:00', 300),
(3, 1, '2024-03-22 10:00:00', 48),
(3, 1, '2024-03-22 14:00:00', 48),
(3, 1, '2024-03-22 18:00:00', 48),
(3, 2, '2024-03-22 10:00:00', 48),
(3, 2, '2024-03-22 14:00:00', 48),
(3, 2, '2024-03-22 18:00:00', 48),
(3, 3, '2024-03-22 10:00:00', 48),
(3, 3, '2024-03-22 14:00:00', 48),
(3, 3, '2024-03-22 18:00:00', 48),
(3, 4, '2024-03-22 10:00:00', 300),
(3, 4, '2024-03-22 14:00:00', 300),
(3, 4, '2024-03-22 18:00:00', 300),
(1, 1, '2024-03-23 10:00:00', 48),
(1, 1, '2024-03-23 14:00:00', 48),
(1, 1, '2024-03-23 18:00:00', 48),
(1, 2, '2024-03-23 10:00:00', 48),
(1, 2, '2024-03-23 14:00:00', 48),
(1, 2, '2024-03-23 18:00:00', 48),
(1, 3, '2024-03-23 10:00:00', 48),
(1, 3, '2024-03-23 14:00:00', 48),
(1, 3, '2024-03-23 18:00:00', 48),
(1, 4, '2024-03-23 10:00:00', 300),
(1, 4, '2024-03-23 14:00:00', 300),
(1, 4, '2024-03-23 18:00:00', 300),
(2, 1, '2024-03-23 10:00:00', 48),
(2, 1, '2024-03-23 14:00:00', 48),
(2, 1, '2024-03-23 18:00:00', 48),
(2, 2, '2024-03-23 10:00:00', 48),
(2, 2, '2024-03-23 14:00:00', 48),
(2, 2, '2024-03-23 18:00:00', 48),
(2, 3, '2024-03-23 10:00:00', 48),
(2, 3, '2024-03-23 14:00:00', 48),
(2, 3, '2024-03-23 18:00:00', 48),
(2, 4, '2024-03-23 10:00:00', 300),
(2, 4, '2024-03-23 14:00:00', 300),
(2, 4, '2024-03-23 18:00:00', 300),
(3, 1, '2024-03-23 10:00:00', 48),
(3, 1, '2024-03-23 14:00:00', 48),
(3, 1, '2024-03-23 18:00:00', 48),
(3, 2, '2024-03-23 10:00:00', 48),
(3, 2, '2024-03-23 14:00:00', 48),
(3, 2, '2024-03-23 18:00:00', 48),
(3, 3, '2024-03-23 10:00:00', 48),
(3, 3, '2024-03-23 14:00:00', 48),
(3, 3, '2024-03-23 18:00:00', 48),
(3, 4, '2024-03-23 10:00:00', 300),
(3, 4, '2024-03-23 14:00:00', 300),
(3, 4, '2024-03-23 18:00:00', 300),
(1, 1, '2024-03-24 10:00:00', 48),
(1, 1, '2024-03-24 14:00:00', 48),
(1, 1, '2024-03-24 18:00:00', 48),
(1, 2, '2024-03-24 10:00:00', 48),
(1, 2, '2024-03-24 14:00:00', 48),
(1, 2, '2024-03-24 18:00:00', 48),
(1, 3, '2024-03-24 10:00:00', 48),
(1, 3, '2024-03-24 14:00:00', 48),
(1, 3, '2024-03-24 18:00:00', 48),
(1, 4, '2024-03-24 10:00:00', 300),
(1, 4, '2024-03-24 14:00:00', 300),
(1, 4, '2024-03-24 18:00:00', 300),
(2, 1, '2024-03-24 10:00:00', 48),
(2, 1, '2024-03-24 14:00:00', 48),
(2, 1, '2024-03-24 18:00:00', 48),
(2, 2, '2024-03-24 10:00:00', 48),
(2, 2, '2024-03-24 14:00:00', 48),
(2, 2, '2024-03-24 18:00:00', 48),
(2, 3, '2024-03-24 10:00:00', 48),
(2, 3, '2024-03-24 14:00:00', 48),
(2, 3, '2024-03-24 18:00:00', 48),
(2, 4, '2024-03-24 10:00:00', 300),
(2, 4, '2024-03-24 14:00:00', 300),
(2, 4, '2024-03-24 18:00:00', 300),
(3, 1, '2024-03-24 10:00:00', 48),
(3, 1, '2024-03-24 14:00:00', 48),
(3, 1, '2024-03-24 18:00:00', 48),
(3, 2, '2024-03-24 10:00:00', 48),
(3, 2, '2024-03-24 14:00:00', 48),
(3, 2, '2024-03-24 18:00:00', 48),
(3, 3, '2024-03-24 10:00:00', 48),
(3, 3, '2024-03-24 14:00:00', 48),
(3, 3, '2024-03-24 18:00:00', 48),
(3, 4, '2024-03-24 10:00:00', 300),
(3, 4, '2024-03-24 14:00:00', 300),
(3, 4, '2024-03-24 18:00:00', 300),
(1, 1, '2024-03-25 10:00:00', 48),
(1, 1, '2024-03-25 14:00:00', 48),
(1, 1, '2024-03-25 18:00:00', 48),
(1, 2, '2024-03-25 10:00:00', 48),
(1, 2, '2024-03-25 14:00:00', 48),
(1, 2, '2024-03-25 18:00:00', 48),
(1, 3, '2024-03-25 10:00:00', 48),
(1, 3, '2024-03-25 14:00:00', 48),
(1, 3, '2024-03-25 18:00:00', 48),
(1, 4, '2024-03-25 10:00:00', 300),
(1, 4, '2024-03-25 14:00:00', 300),
(1, 4, '2024-03-25 18:00:00', 300),
(2, 1, '2024-03-25 10:00:00', 48),
(2, 1, '2024-03-25 14:00:00', 48),
(2, 1, '2024-03-25 18:00:00', 48),
(2, 2, '2024-03-25 10:00:00', 48),
(2, 2, '2024-03-25 14:00:00', 48),
(2, 2, '2024-03-25 18:00:00', 48),
(2, 3, '2024-03-25 10:00:00', 48),
(2, 3, '2024-03-25 14:00:00', 48),
(2, 3, '2024-03-25 18:00:00', 48),
(2, 4, '2024-03-25 10:00:00', 300),
(2, 4, '2024-03-25 14:00:00', 300),
(2, 4, '2024-03-25 18:00:00', 300),
(3, 1, '2024-03-25 10:00:00', 48),
(3, 1, '2024-03-25 14:00:00', 48),
(3, 1, '2024-03-25 18:00:00', 48),
(3, 2, '2024-03-25 10:00:00', 48),
(3, 2, '2024-03-25 14:00:00', 48),
(3, 2, '2024-03-25 18:00:00', 48),
(3, 3, '2024-03-25 10:00:00', 48),
(3, 3, '2024-03-25 14:00:00', 48),
(3, 3, '2024-03-25 18:00:00', 48),
(3, 4, '2024-03-25 10:00:00', 300),
(3, 4, '2024-03-25 14:00:00', 300),
(3, 4, '2024-03-25 18:00:00', 300),
(1, 1, '2024-03-26 10:00:00', 48),
(1, 1, '2024-03-26 14:00:00', 48),
(1, 1, '2024-03-26 18:00:00', 48),
(1, 2, '2024-03-26 10:00:00', 48),
(1, 2, '2024-03-26 14:00:00', 48),
(1, 2, '2024-03-26 18:00:00', 48),
(1, 3, '2024-03-26 10:00:00', 48),
(1, 3, '2024-03-26 14:00:00', 48),
(1, 3, '2024-03-26 18:00:00', 48),
(1, 4, '2024-03-26 10:00:00', 300),
(1, 4, '2024-03-26 14:00:00', 300),
(1, 4, '2024-03-26 18:00:00', 300),
(2, 1, '2024-03-26 10:00:00', 48),
(2, 1, '2024-03-26 14:00:00', 48),
(2, 1, '2024-03-26 18:00:00', 48),
(2, 2, '2024-03-26 10:00:00', 48),
(2, 2, '2024-03-26 14:00:00', 48),
(2, 2, '2024-03-26 18:00:00', 48),
(2, 3, '2024-03-26 10:00:00', 48),
(2, 3, '2024-03-26 14:00:00', 48),
(2, 3, '2024-03-26 18:00:00', 48),
(2, 4, '2024-03-26 10:00:00', 300),
(2, 4, '2024-03-26 14:00:00', 300),
(2, 4, '2024-03-26 18:00:00', 300),
(3, 1, '2024-03-26 10:00:00', 48),
(3, 1, '2024-03-26 14:00:00', 48),
(3, 1, '2024-03-26 18:00:00', 48),
(3, 2, '2024-03-26 10:00:00', 48),
(3, 2, '2024-03-26 14:00:00', 48),
(3, 2, '2024-03-26 18:00:00', 48),
(3, 3, '2024-03-26 10:00:00', 48),
(3, 3, '2024-03-26 14:00:00', 48),
(3, 3, '2024-03-26 18:00:00', 48),
(3, 4, '2024-03-26 10:00:00', 300),
(3, 4, '2024-03-26 14:00:00', 300),
(3, 4, '2024-03-26 18:00:00', 300),
(1, 1, '2024-03-27 10:00:00', 48),
(1, 1, '2024-03-27 14:00:00', 48),
(1, 1, '2024-03-27 18:00:00', 48),
(1, 2, '2024-03-27 10:00:00', 48),
(1, 2, '2024-03-27 14:00:00', 48),
(1, 2, '2024-03-27 18:00:00', 48),
(1, 3, '2024-03-27 10:00:00', 48),
(1, 3, '2024-03-27 14:00:00', 48),
(1, 3, '2024-03-27 18:00:00', 48),
(1, 4, '2024-03-27 10:00:00', 300),
(1, 4, '2024-03-27 14:00:00', 300),
(1, 4, '2024-03-27 18:00:00', 300),
(2, 1, '2024-03-27 10:00:00', 48),
(2, 1, '2024-03-27 14:00:00', 48),
(2, 1, '2024-03-27 18:00:00', 48),
(2, 2, '2024-03-27 10:00:00', 48),
(2, 2, '2024-03-27 14:00:00', 48),
(2, 2, '2024-03-27 18:00:00', 48),
(2, 3, '2024-03-27 10:00:00', 48),
(2, 3, '2024-03-27 14:00:00', 48),
(2, 3, '2024-03-27 18:00:00', 48),
(2, 4, '2024-03-27 10:00:00', 300),
(2, 4, '2024-03-27 14:00:00', 300),
(2, 4, '2024-03-27 18:00:00', 300),
(3, 1, '2024-03-27 10:00:00', 48),
(3, 1, '2024-03-27 14:00:00', 48),
(3, 1, '2024-03-27 18:00:00', 48),
(3, 2, '2024-03-27 10:00:00', 48),
(3, 2, '2024-03-27 14:00:00', 48),
(3, 2, '2024-03-27 18:00:00', 48),
(3, 3, '2024-03-27 10:00:00', 48),
(3, 3, '2024-03-27 14:00:00', 48),
(3, 3, '2024-03-27 18:00:00', 48),
(3, 4, '2024-03-27 10:00:00', 300),
(3, 4, '2024-03-27 14:00:00', 300),
(3, 4, '2024-03-27 18:00:00', 300),
(1, 1, '2024-03-28 10:00:00', 48),
(1, 1, '2024-03-28 14:00:00', 48),
(1, 1, '2024-03-28 18:00:00', 48),
(1, 2, '2024-03-28 10:00:00', 48),
(1, 2, '2024-03-28 14:00:00', 48),
(1, 2, '2024-03-28 18:00:00', 48),
(1, 3, '2024-03-28 10:00:00', 48),
(1, 3, '2024-03-28 14:00:00', 48),
(1, 3, '2024-03-28 18:00:00', 48),
(1, 4, '2024-03-28 10:00:00', 300),
(1, 4, '2024-03-28 14:00:00', 300),
(1, 4, '2024-03-28 18:00:00', 300),
(2, 1, '2024-03-28 10:00:00', 48),
(2, 1, '2024-03-28 14:00:00', 48),
(2, 1, '2024-03-28 18:00:00', 48),
(2, 2, '2024-03-28 10:00:00', 48),
(2, 2, '2024-03-28 14:00:00', 48),
(2, 2, '2024-03-28 18:00:00', 48),
(2, 3, '2024-03-28 10:00:00', 48),
(2, 3, '2024-03-28 14:00:00', 48),
(2, 3, '2024-03-28 18:00:00', 48),
(2, 4, '2024-03-28 10:00:00', 300),
(2, 4, '2024-03-28 14:00:00', 300),
(2, 4, '2024-03-28 18:00:00', 300),
(3, 1, '2024-03-28 10:00:00', 48),
(3, 1, '2024-03-28 14:00:00', 48),
(3, 1, '2024-03-28 18:00:00', 48),
(3, 2, '2024-03-28 10:00:00', 48),
(3, 2, '2024-03-28 14:00:00', 48),
(3, 2, '2024-03-28 18:00:00', 48),
(3, 3, '2024-03-28 10:00:00', 48),
(3, 3, '2024-03-28 14:00:00', 48),
(3, 3, '2024-03-28 18:00:00', 48),
(3, 4, '2024-03-28 10:00:00', 300),
(3, 4, '2024-03-28 14:00:00', 300),
(3, 4, '2024-03-28 18:00:00', 300),
(1, 1, '2024-03-29 10:00:00', 48),
(1, 1, '2024-03-29 14:00:00', 48),
(1, 1, '2024-03-29 18:00:00', 48),
(1, 2, '2024-03-29 10:00:00', 48),
(1, 2, '2024-03-29 14:00:00', 48),
(1, 2, '2024-03-29 18:00:00', 48),
(1, 3, '2024-03-29 10:00:00', 48),
(1, 3, '2024-03-29 14:00:00', 48),
(1, 3, '2024-03-29 18:00:00', 48),
(1, 4, '2024-03-29 10:00:00', 300),
(1, 4, '2024-03-29 14:00:00', 300),
(1, 4, '2024-03-29 18:00:00', 300),
(2, 1, '2024-03-29 10:00:00', 48),
(2, 1, '2024-03-29 14:00:00', 48),
(2, 1, '2024-03-29 18:00:00', 48),
(2, 2, '2024-03-29 10:00:00', 48),
(2, 2, '2024-03-29 14:00:00', 48),
(2, 2, '2024-03-29 18:00:00', 48),
(2, 3, '2024-03-29 10:00:00', 48),
(2, 3, '2024-03-29 14:00:00', 48),
(2, 3, '2024-03-29 18:00:00', 48),
(2, 4, '2024-03-29 10:00:00', 300),
(2, 4, '2024-03-29 14:00:00', 300),
(2, 4, '2024-03-29 18:00:00', 300),
(3, 1, '2024-03-29 10:00:00', 48),
(3, 1, '2024-03-29 14:00:00', 48),
(3, 1, '2024-03-29 18:00:00', 48),
(3, 2, '2024-03-29 10:00:00', 48),
(3, 2, '2024-03-29 14:00:00', 48),
(3, 2, '2024-03-29 18:00:00', 48),
(3, 3, '2024-03-29 10:00:00', 48),
(3, 3, '2024-03-29 14:00:00', 48),
(3, 3, '2024-03-29 18:00:00', 48),
(3, 4, '2024-03-29 10:00:00', 300),
(3, 4, '2024-03-29 14:00:00', 300),
(3, 4, '2024-03-29 18:00:00', 300),
(1, 1, '2024-03-30 10:00:00', 48),
(1, 1, '2024-03-30 14:00:00', 48),
(1, 1, '2024-03-30 18:00:00', 48),
(1, 2, '2024-03-30 10:00:00', 48),
(1, 2, '2024-03-30 14:00:00', 48),
(1, 2, '2024-03-30 18:00:00', 48),
(1, 3, '2024-03-30 10:00:00', 48),
(1, 3, '2024-03-30 14:00:00', 48),
(1, 3, '2024-03-30 18:00:00', 48),
(1, 4, '2024-03-30 10:00:00', 300),
(1, 4, '2024-03-30 14:00:00', 300),
(1, 4, '2024-03-30 18:00:00', 300),
(2, 1, '2024-03-30 10:00:00', 48),
(2, 1, '2024-03-30 14:00:00', 48),
(2, 1, '2024-03-30 18:00:00', 48),
(2, 2, '2024-03-30 10:00:00', 48),
(2, 2, '2024-03-30 14:00:00', 48),
(2, 2, '2024-03-30 18:00:00', 48),
(2, 3, '2024-03-30 10:00:00', 48),
(2, 3, '2024-03-30 14:00:00', 48),
(2, 3, '2024-03-30 18:00:00', 48),
(2, 4, '2024-03-30 10:00:00', 300),
(2, 4, '2024-03-30 14:00:00', 300),
(2, 4, '2024-03-30 18:00:00', 300),
(3, 1, '2024-03-30 10:00:00', 48),
(3, 1, '2024-03-30 14:00:00', 48),
(3, 1, '2024-03-30 18:00:00', 48),
(3, 2, '2024-03-30 10:00:00', 48),
(3, 2, '2024-03-30 14:00:00', 48),
(3, 2, '2024-03-30 18:00:00', 48),
(3, 3, '2024-03-30 10:00:00', 48),
(3, 3, '2024-03-30 14:00:00', 48),
(3, 3, '2024-03-30 18:00:00', 48),
(3, 4, '2024-03-30 10:00:00', 300),
(3, 4, '2024-03-30 14:00:00', 300),
(3, 4, '2024-03-30 18:00:00', 300),
(1, 1, '2024-03-31 10:00:00', 48),
(1, 1, '2024-03-31 14:00:00', 48),
(1, 1, '2024-03-31 18:00:00', 48),
(1, 2, '2024-03-31 10:00:00', 48),
(1, 2, '2024-03-31 14:00:00', 48),
(1, 2, '2024-03-31 18:00:00', 48),
(1, 3, '2024-03-31 10:00:00', 48),
(1, 3, '2024-03-31 14:00:00', 48),
(1, 3, '2024-03-31 18:00:00', 48),
(1, 4, '2024-03-31 10:00:00', 300),
(1, 4, '2024-03-31 14:00:00', 300),
(1, 4, '2024-03-31 18:00:00', 300),
(2, 1, '2024-03-31 10:00:00', 48),
(2, 1, '2024-03-31 14:00:00', 48),
(2, 1, '2024-03-31 18:00:00', 48),
(2, 2, '2024-03-31 10:00:00', 48),
(2, 2, '2024-03-31 14:00:00', 48),
(2, 2, '2024-03-31 18:00:00', 48),
(2, 3, '2024-03-31 10:00:00', 48),
(2, 3, '2024-03-31 14:00:00', 48),
(2, 3, '2024-03-31 18:00:00', 48),
(2, 4, '2024-03-31 10:00:00', 300),
(2, 4, '2024-03-31 14:00:00', 300),
(2, 4, '2024-03-31 18:00:00', 300),
(3, 1, '2024-03-31 10:00:00', 48),
(3, 1, '2024-03-31 14:00:00', 48),
(3, 1, '2024-03-31 18:00:00', 48),
(3, 2, '2024-03-31 10:00:00', 48),
(3, 2, '2024-03-31 14:00:00', 48),
(3, 2, '2024-03-31 18:00:00', 48),
(3, 3, '2024-03-31 10:00:00', 48),
(3, 3, '2024-03-31 14:00:00', 48),
(3, 3, '2024-03-31 18:00:00', 48),
(3, 4, '2024-03-31 10:00:00', 300),
(3, 4, '2024-03-31 14:00:00', 300),
(3, 4, '2024-03-31 18:00:00', 300);

 -- Assuming SessionID = 1 for all seats in Luxury Hall
INSERT INTO Seats (SessionID, SeatNumber, IsAvailable) VALUES
(1, 'A4', FALSE),
(1, 'B4', FALSE),
(1, 'C4', FALSE),
(2, 'F-Block1',FALSE ),
(2, 'F-Block3', FALSE)
;

-- 关联场次和折扣
-- 假设 SessionID 1 和 2 的场次都适用于这两个折扣
INSERT INTO SessionDiscounts (SessionID, DiscountID) VALUES
(1, 1),
(1, 2),
(2, 1),
(2, 2);


INSERT INTO  Orders (SessionID,UserID,TotalPrice ) VALUES
(1,7,25.00);

INSERT INTO OrderDetails (OrderID, TicketType, TicketPrice) VALUES (LAST_INSERT_ID(), 'Adult', 25.00);

INSERT INTO Bookings (CustomerID, UserID, SessionID, TotalPrice, PaymentStatus) VALUES (7, 1, 1, 23.00, 'Completed');

INSERT INTO Tickets (BookingID, UserID, TicketNumber, MovieID, SessionID, SeatNumber) VALUES (LAST_INSERT_ID(), 7, 2023120209890023, 1, 1, 'A4');


